발생년,발생년월일시,주야,요일,사망자수,부상자수,중상자수,경상자수,부상신고자수,발생지시도,발생지시군구,사고유형_대분류,사고유형_중분류,사고유형,가해자법규위반,도로형태_대분류,도로형태,가해자_당사자종별,피해자_당사자종별,발생위치X,발생위치Y,경도,위도
2023,2023-02-16 13:00,주,목,1,0,0,0,0,전남,함평군,차량단독,공작물충돌,공작물충돌,안전운전 의무 불이행,단일로,기타단일로,화물차,없음,909879,1676015,126.511502,35.07520672
2023,2023-02-16 15:00,주,목,1,0,0,0,0,충북,음성군,차대차,측면충돌,측면충돌,신호위반,교차로,교차로내,화물차,원동기장치자전거,1009835,1892930,127.6105858,37.03485809
2023,2023-02-16 19:00,야,목,1,1,1,0,0,경북,영양군,차대차,정면충돌,정면충돌,중앙선 침범,단일로,기타단일로,화물차,승합차,1145436,1841176,129.1251145,36.55728441
2023,2023-02-16 22:00,야,목,1,2,0,2,0,제주,제주시,차량단독,전도,전도,안전운전 의무 불이행,기타,기타,승용차,없음,928745,1493920,126.7334564,33.4346357
2023,2023-02-17 05:00,야,금,2,0,0,0,0,경북,영덕군,차량단독,공작물충돌,공작물충돌,안전운전 의무 불이행,단일로,기타단일로,승용차,없음,1173215,1828860,129.4326117,36.44168304
2023,2023-02-17 05:00,야,금,1,0,0,0,0,인천,부평구,차대사람,횡단중,횡단중,안전운전 의무 불이행,단일로,기타단일로,화물차,보행자,929783,1945765,126.7055175,37.50849311
2023,2023-02-17 13:00,주,금,1,0,0,0,0,전남,보성군,차량단독,공작물충돌,공작물충돌,안전운전 의무 불이행,단일로,기타단일로,화물차,없음,970706,1642705,127.1798369,34.77843984
2023,2023-02-17 15:00,주,금,1,1,1,0,0,경기,광주시,차대사람,횡단중,횡단중,보행자 보호의무 위반,교차로,교차로내,화물차,보행자,978765,1934248,127.2600552,37.40711043
2023,2023-02-17 16:00,주,금,1,0,0,0,0,강원,삼척시,차량단독,도로이탈,도로이탈 추락,안전운전 의무 불이행,단일로,기타단일로,특수차,없음,1136291,1909891,129.0353048,37.1778524
2023,2023-02-18 04:00,야,토,1,0,0,0,0,전북,고창군,차량단독,공작물충돌,공작물충돌,기타,교차로,교차로내,승용차,없음,924013,1715621,126.662852,35.43346286
2023,2023-02-18 06:00,주,토,1,0,0,0,0,경기,의왕시,차대차,기타,기타,안전운전 의무 불이행,단일로,기타단일로,자전거,승합차,953045,1926891,126.9699073,37.33985137
2023,2023-02-18 07:00,주,토,1,0,0,0,0,경기,남양주시,차량단독,전도,전도,안전운전 의무 불이행,단일로,기타단일로,자전거,없음,973286,1967995,127.1969164,37.71114549
2023,2023-02-18 21:00,야,토,1,0,0,0,0,전북,완주군,차대사람,횡단중,횡단중,보행자 보호의무 위반,교차로,교차로횡단보도내,승용차,보행자,968986,1764702,127.1564153,35.87841035
2023,2023-02-19 06:00,주,일,1,0,0,0,0,서울,마포구,차량단독,공작물충돌,공작물충돌,안전운전 의무 불이행,단일로,기타단일로,이륜차,없음,947070,1952014,126.9006523,37.56596969
2023,2023-02-19 08:00,주,일,1,1,0,0,1,경기,용인시,차량단독,기타,기타,안전운전 의무 불이행,단일로,고가도로위,이륜차,없음,965337,1923529,127.1088299,37.31008761
2023,2023-02-19 13:00,주,일,1,0,0,0,0,경북,영양군,차량단독,도로이탈,도로이탈 추락,안전운전 의무 불이행,단일로,기타단일로,화물차,없음,1140871,1853368,129.0763578,36.66783813
2023,2023-02-19 13:00,주,일,1,0,0,0,0,경기,구리시,차량단독,공작물충돌,공작물충돌,기타,단일로,기타단일로,승용차,없음,966907,1959286,127.12494,37.6324412
2023,2023-02-19 17:00,주,일,1,0,0,0,0,제주,서귀포시,차대차,측면충돌,측면충돌,안전운전 의무 불이행,교차로,교차로횡단보도내,승용차,자전거,913926,1475353,126.5758249,33.26609797
2023,2023-02-19 18:00,야,일,1,0,0,0,0,전남,나주시,차대차,측면충돌,측면충돌,안전운전 의무 불이행,단일로,기타단일로,승용차,자전거,939766,1672091,126.8395803,35.04205385
2023,2023-02-19 18:00,야,일,1,0,0,0,0,전남,진도군,차대사람,차도통행중,차도통행중,안전운전 의무 불이행,단일로,기타단일로,승용차,보행자,866764,1591027,126.0521111,34.30426504
2023,2023-02-19 19:00,야,일,1,0,0,0,0,경북,군위군,차량단독,도로이탈,도로이탈 추락,안전운전 의무 불이행,단일로,기타단일로,농기계,없음,1085615,1809850,128.4533249,36.28214782
2023,2023-02-20 00:00,야,월,1,0,0,0,0,경북,경주시,차량단독,공작물충돌,공작물충돌,안전운전 의무 불이행,단일로,교량위,승용차,없음,1150896,1778587,129.1740133,35.99240761
2023,2023-02-20 06:00,주,월,1,0,0,0,0,경기,용인시,차대사람,횡단중,횡단중,기타,단일로,기타단일로,승용차,보행자,965155,1917339,127.1070663,37.25428546
2023,2023-02-20 06:00,주,월,1,0,0,0,0,경기,고양시,차대사람,횡단중,횡단중,안전운전 의무 불이행,단일로,기타단일로,승합차,보행자,935589,1964902,126.7695213,37.68139441
2023,2023-02-20 11:00,주,월,1,0,0,0,0,전북,고창군,차량단독,전도,전도,안전운전 의무 불이행,교차로,교차로내,농기계,없음,909433,1717016,126.5020891,35.44481899
2023,2023-02-20 12:00,주,월,1,0,0,0,0,경북,상주시,차대차,측면충돌,측면충돌,기타,교차로,교차로부근,승용차,자전거,1061819,1824912,128.189573,36.4197469
2023,2023-02-20 14:00,주,월,1,0,0,0,0,충남,천안시,차대사람,횡단중,횡단중,안전운전 의무 불이행,단일로,기타단일로,화물차,보행자,969253,1869017,127.1552519,36.81884518
2023,2023-02-20 15:00,주,월,1,1,0,1,0,전북,고창군,차대사람,기타,기타,안전운전 의무 불이행,단일로,기타단일로,화물차,보행자,932256,1723959,126.7529627,35.50923345
2023,2023-02-20 15:00,주,월,1,0,0,0,0,경남,함안군,차량단독,도로이탈,도로이탈 추락,안전운전 의무 불이행,교차로,교차로부근,이륜차,없음,1077084,1704273,128.3481609,35.33106627
2023,2023-02-21 01:00,야,화,1,0,0,0,0,경남,합천군,차량단독,공작물충돌,공작물충돌,안전운전 의무 불이행,단일로,기타단일로,승용차,없음,1058706,1729939,128.1478115,35.56372548
2023,2023-02-21 13:00,주,화,1,0,0,0,0,경남,창원시(통합),차대차,정면충돌,정면충돌,교차로 통행방법 위반,교차로,교차로내,승용차,이륜차,1088677,1680463,128.4731378,35.11543792
2023,2023-02-21 14:00,주,화,1,0,0,0,0,충북,청주시,차대차,측면충돌,측면충돌,안전운전 의무 불이행,교차로,교차로내,자전거,승용차,1000039,1846289,127.5004361,36.61445517
2023,2023-02-21 16:00,주,화,1,0,0,0,0,부산,금정구,차대차,추돌,추돌,안전운전 의무 불이행,단일로,기타단일로,승용차,건설기계,1147240,1693665,129.1179798,35.22757404
2023,2023-02-21 22:00,야,화,1,0,0,0,0,충북,청주시,차대사람,기타,기타,안전운전 의무 불이행,단일로,기타단일로,승용차,보행자,993828,1839487,127.4310345,36.55311478
2023,2023-02-22 01:00,야,수,1,0,0,0,0,경기,화성시,차대사람,횡단중,횡단중,안전운전 의무 불이행,단일로,기타단일로,화물차,보행자,951602,1914258,126.95444,37.22590859
2023,2023-02-22 03:00,야,수,1,2,2,0,0,경기,부천시,차량단독,전도,전도,안전운전 의무 불이행,단일로,기타단일로,이륜차,없음,940093,1948503,126.8219404,37.5338977
2023,2023-02-22 06:00,주,수,1,0,0,0,0,충남,홍성군,차대차,정면충돌,정면충돌,안전운전 의무 불이행,교차로,교차로내,승용차,자전거,921474,1836488,126.622908,36.52287342
2023,2023-02-22 08:00,주,수,1,0,0,0,0,충북,음성군,차대사람,차도통행중,차도통행중,안전운전 의무 불이행,교차로,교차로내,승용차,보행자,1008605,1887823,127.5966973,36.98883364
2023,2023-02-22 08:00,주,수,1,0,0,0,0,대전,동구,차대차,추돌,추돌,안전운전 의무 불이행,단일로,기타단일로,특수차,화물차,999894,1817094,127.4988186,36.35125597
2023,2023-02-22 10:00,주,수,1,0,0,0,0,부산,연제구,차대차,기타,기타,안전거리 미확보,교차로,교차로부근,원동기장치자전거,승합차,1143882,1689561,129.0803752,35.1910694
2023,2023-02-22 10:00,주,수,1,0,0,0,0,경남,남해군,차대사람,횡단중,횡단중,보행자 보호의무 위반,교차로,교차로횡단보도내,승용차,보행자,1036037,1649358,127.8941436,34.83821724
2023,2023-02-22 11:00,주,수,1,2,0,2,0,전북,완주군,차대차,기타,기타,교차로 통행방법 위반,교차로,교차로내,승용차,승용차,960126,1759701,127.0585132,35.83300103
2023,2023-02-22 19:00,야,수,1,0,0,0,0,경기,포천시,차대사람,차도통행중,차도통행중,안전운전 의무 불이행,단일로,기타단일로,승용차,보행자,976109,2000994,127.227853,38.00864391
2023,2023-02-22 22:00,야,수,1,0,0,0,0,충북,영동군,차대차,정면충돌,정면충돌,안전운전 의무 불이행,단일로,기타단일로,승용차,승합차,1036698,1803714,127.9083658,36.22993165
2023,2023-02-22 23:00,야,수,1,0,0,0,0,전남,나주시,차대사람,횡단중,횡단중,안전운전 의무 불이행,교차로,교차로횡단보도내,승용차,보행자,934328,1670303,126.7801022,35.02559285
2023,2023-02-23 13:00,주,목,1,0,0,0,0,경기,안성시,차대사람,보도통행중,보도통행중,보행자 보호의무 위반,교차로,교차로횡단보도내,화물차,보행자,979916,1889530,127.2742646,37.00404601
2023,2023-02-23 13:00,주,목,1,2,0,1,1,경기,광주시,차대사람,횡단중,횡단중,신호위반,교차로,교차로횡단보도내,승합차,보행자,976158,1931024,127.2307017,37.37798671
2023,2023-02-23 18:00,야,목,1,0,0,0,0,충남,예산군,차량단독,기타,기타,안전운전 의무 불이행,교차로,교차로부근,농기계,없음,944045,1846734,126.8742526,36.61682383
2023,2023-02-23 20:00,야,목,1,2,1,1,0,경남,창녕군,차대사람,횡단중,횡단중,기타,단일로,기타단일로,승용차,보행자,1089410,1727711,128.486342,35.54134303
2023,2023-02-23 22:00,야,목,1,2,1,1,0,경기,하남시,차대차,정면충돌,정면충돌,중앙선 침범,단일로,기타단일로,화물차,승용차,980820,1946567,127.2829548,37.51819454
2023,2023-02-24 10:00,주,금,1,0,0,0,0,충북,진천군,차대차,측면충돌,측면충돌,중앙선 침범,단일로,기타단일로,승용차,이륜차,986673,1876138,127.3504462,36.88344417
2023,2023-02-24 12:00,주,금,1,1,0,1,0,충남,아산시,차대차,추돌,추돌,안전운전 의무 불이행,단일로,기타단일로,화물차,특수차,959787,1866221,127.0492656,36.79328572
2023,2023-02-24 13:00,주,금,1,0,0,0,0,충남,예산군,차대사람,횡단중,횡단중,보행자 보호의무 위반,교차로,교차로횡단보도내,승용차,보행자,940072,1854026,126.8292552,36.68231483
2023,2023-02-24 15:00,주,금,1,0,0,0,0,경북,봉화군,차대사람,기타,기타,안전운전 의무 불이행,단일로,기타단일로,승용차,보행자,1108651,1889385,128.7210472,36.99667271
2023,2023-02-24 17:00,주,금,1,0,0,0,0,경북,안동시,차대차,기타,기타,안전운전 의무 불이행,교차로,교차로내,승용차,이륜차,1110490,1841338,128.7347432,36.56342737
2023,2023-02-24 18:00,야,금,1,0,0,0,0,충남,서산시,차대사람,길가장자리구역통행중,길가장자리구역통행중,안전운전 의무 불이행,단일로,기타단일로,승용차,보행자,907135,1865665,126.4592375,36.78457431
2023,2023-02-24 19:00,야,금,1,0,0,0,0,충북,충주시,차대차,정면충돌,정면충돌,중앙선 침범,단일로,기타단일로,승용차,자전거,1020489,1888876,127.7302696,36.99814188
2023,2023-02-24 19:00,야,금,1,0,0,0,0,충남,태안군,차대차,기타,기타,안전운전 의무 불이행,단일로,기타단일로,승용차,승용차,893118,1862462,126.3026235,36.75422826
2023,2023-02-24 20:00,야,금,1,0,0,0,0,경북,구미시,차대사람,횡단중,횡단중,안전운전 의무 불이행,단일로,고가도로위,승용차,보행자,1075840,1792026,128.3427672,36.1222887
2023,2023-02-25 00:00,야,토,1,0,0,0,0,제주,제주시,차량단독,기타,기타,안전운전 의무 불이행,교차로,교차로부근,개인형이동장치(PM),없음,910341,1500316,126.5348536,33.49093595
2023,2023-02-25 06:00,주,토,1,0,0,0,0,서울,성북구,차대차,측면충돌,측면충돌,신호위반,교차로,교차로내,이륜차,화물차,958702,1956110,127.0321305,37.60348309
2023,2023-02-25 06:00,주,토,1,0,0,0,0,경기,성남시,차대사람,차도통행중,차도통행중,안전운전 의무 불이행,단일로,기타단일로,화물차,보행자,971588,1937366,127.1788397,37.43502259
2023,2023-02-25 09:00,주,토,1,0,0,0,0,전북,부안군,차량단독,기타,기타,안전운전 의무 불이행,단일로,기타단일로,농기계,없음,931815,1753858,126.7455702,35.77876359
2023,2023-02-25 10:00,주,토,1,0,0,0,0,세종,세종시,차대차,추돌,추돌,안전운전 의무 불이행,교차로,교차로부근,화물차,승합차,970317,1854392,127.1677507,36.68703986
2023,2023-02-25 11:00,주,토,1,0,0,0,0,경남,거창군,차대차,측면충돌,측면충돌,안전운전 의무 불이행,교차로,교차로내,화물차,원동기장치자전거,1028997,1750039,127.820708,35.74626933
2023,2023-02-26 03:00,야,일,1,0,0,0,0,서울,관악구,차대차,기타,기타,안전운전 의무 불이행,단일로,터널안,승용차,승용차,953088,1941048,126.9694938,37.46745663
2023,2023-02-26 09:00,주,일,1,2,2,0,0,충남,공주시,차대차,추돌,추돌,안전운전 의무 불이행,교차로,교차로부근,화물차,승용차,965898,1841445,127.1188638,36.57017704
2023,2023-02-26 12:00,주,일,1,0,0,0,0,서울,관악구,차대사람,기타,기타,보행자 보호의무 위반,교차로,교차로내,승용차,보행자,952476,1942188,126.9624997,37.47770053
2023,2023-02-26 12:00,주,일,1,0,0,0,0,광주,광산구,차대차,측면충돌,측면충돌,신호위반,교차로,교차로부근,이륜차,승용차,937929,1687850,126.8182577,35.18403569
2023,2023-02-26 16:00,주,일,1,0,0,0,0,전남,영암군,차량단독,공작물충돌,공작물충돌,안전운전 의무 불이행,단일로,기타단일로,화물차,없음,922946,1648541,126.6573522,34.82857001
2023,2023-02-26 20:00,야,일,1,0,0,0,0,경남,고성군,차량단독,기타,기타,안전운전 의무 불이행,단일로,기타단일로,이륜차,없음,1076939,1661224,128.3425568,34.94293669
2023,2023-02-26 21:00,야,일,1,3,0,3,0,경기,용인시,차대차,추돌,추돌,안전운전 의무 불이행,단일로,기타단일로,승용차,화물차,968157,1925572,127.1405652,37.32860364
2023,2023-02-26 23:00,야,일,1,0,0,0,0,서울,송파구,차대사람,횡단중,횡단중,안전운전 의무 불이행,교차로,교차로부근,승용차,보행자,965605,1945527,127.1108299,37.50837869
2023,2023-02-27 02:00,야,월,1,0,0,0,0,경남,밀양시,차량단독,기타,기타,안전운전 의무 불이행,단일로,기타단일로,화물차,없음,1117468,1725931,128.7955484,35.52236903
2023,2023-02-27 09:00,주,월,1,0,0,0,0,경기,안성시,차대차,기타,기타,교차로 통행방법 위반,교차로,교차로내,승용차,이륜차,974055,1897763,127.2081062,37.07811677
2023,2023-02-27 10:00,주,월,1,0,0,0,0,경남,하동군,차대차,기타,기타,기타,단일로,기타단일로,승용차,이륜차,1023767,1674091,127.7606508,35.06160594
2023,2023-02-27 13:00,주,월,1,0,0,0,0,서울,성동구,차대차,측면충돌,측면충돌,안전운전 의무 불이행,단일로,기타단일로,개인형이동장치(PM),원동기장치자전거,958512,1951902,127.0302164,37.56554685
2023,2023-02-27 21:00,야,월,1,0,0,0,0,충북,충주시,차량단독,도로이탈,도로이탈 추락,안전운전 의무 불이행,단일로,기타단일로,화물차,없음,1021997,1909174,127.7478125,37.1810782
2023,2023-02-28 04:00,야,화,1,0,0,0,0,강원,원주시,차대사람,횡단중,횡단중,기타,교차로,교차로내,승용차,보행자,1039675,1926240,127.9478737,37.33432318
2023,2023-02-28 04:00,야,화,1,0,0,0,0,전남,무안군,차대사람,차도통행중,차도통행중,기타,단일로,기타단일로,승용차,보행자,902507,1660228,126.4325043,34.9321873
2023,2023-02-28 11:00,주,화,1,6,4,2,0,충남,공주시,차대차,추돌,추돌,안전운전 의무 불이행,단일로,기타단일로,화물차,승용차,962763,1827393,127.0845043,36.44338193
2023,2023-02-28 14:00,주,화,1,1,0,0,1,경기,용인시,차대차,추돌,추돌,안전운전 의무 불이행,단일로,기타단일로,화물차,화물차,964918,1916145,127.1044501,37.24351404
2023,2023-02-28 14:00,주,화,1,0,0,0,0,경기,고양시,차대사람,횡단중,횡단중,안전운전 의무 불이행,교차로,교차로내,화물차,보행자,941604,1962277,126.8379426,37.65813858
2023,2023-02-28 15:00,주,화,1,0,0,0,0,경기,광주시,차대사람,기타,기타,안전운전 의무 불이행,단일로,기타단일로,승용차,보행자,981208,1929705,127.2877751,37.36621364
2023,2023-02-28 18:00,야,화,1,0,0,0,0,충남,공주시,차대사람,기타,기타,안전운전 의무 불이행,단일로,기타단일로,승용차,보행자,950583,1845012,126.9474748,36.6016622
2023,2023-03-01 03:00,야,수,1,0,0,0,0,경기,안산시,차대사람,기타,기타,기타,기타,기타,승용차,보행자,935482,1926519,126.7716769,37.33544397
2023,2023-03-01 03:00,야,수,1,0,0,0,0,전북,전주시,차대사람,횡단중,횡단중,보행자 보호의무 위반,교차로,교차로횡단보도내,승용차,보행자,966811,1759066,127.1325548,35.82752495
2023,2023-03-01 10:00,주,수,1,0,0,0,0,경남,창원시(통합),차대사람,차도통행중,차도통행중,안전운전 의무 불이행,교차로,교차로부근,특수차,보행자,1118586,1677217,128.8008273,35.08309647
2023,2023-03-01 11:00,주,수,1,2,0,2,0,전남,보성군,차대차,추돌,추돌,안전운전 의무 불이행,교차로,교차로부근,화물차,승합차,985837,1648252,127.3451139,34.82878362
2023,2023-03-01 19:00,야,수,1,1,1,0,0,서울,동대문구,차대사람,횡단중,횡단중,기타,교차로,교차로횡단보도내,원동기장치자전거,보행자,961531,1951450,127.0644244,37.56160391
2023,2023-03-01 20:00,야,수,1,0,0,0,0,서울,강서구,차대차,추돌,추돌,안전거리 미확보,단일로,기타단일로,승용차,이륜차,938655,1955082,126.8051149,37.59309904
2023,2023-03-02 05:00,야,목,1,0,0,0,0,울산,남구,차대차,측면충돌,측면충돌,신호위반,교차로,교차로내,이륜차,승용차,1165943,1727786,129.3303482,35.5321611
2023,2023-03-02 09:00,주,목,1,0,0,0,0,전남,강진군,차대차,추돌,추돌,기타,단일로,기타단일로,화물차,농기계,935664,1611737,126.7992234,34.4975825
2023,2023-03-02 10:00,주,목,1,0,0,0,0,경남,사천시,차대사람,길가장자리구역통행중,길가장자리구역통행중,안전운전 의무 불이행,교차로,교차로내,화물차,보행자,1054332,1676592,128.096007,35.0829737
2023,2023-03-02 12:00,주,목,1,0,0,0,0,경기,평택시,차대사람,횡단중,횡단중,보행자 보호의무 위반,기타,기타,승용차,보행자,963062,1888627,127.0848807,36.99539477
2023,2023-03-02 12:00,주,목,1,0,0,0,0,경기,평택시,차대차,측면충돌,측면충돌,신호위반,기타,기타,자전거,화물차,965430,1888943,127.1114779,36.99833335
2023,2023-03-02 12:00,주,목,1,2,0,2,0,충북,청주시,차대차,기타,기타,안전거리 미확보,단일로,기타단일로,원동기장치자전거,승용차,1005877,1864013,127.5658573,36.77421693
2023,2023-03-02 12:00,주,목,1,0,0,0,0,전남,나주시,차량단독,전복,전복,안전운전 의무 불이행,단일로,기타단일로,사륜오토바이(ATV),없음,929804,1658333,126.7315226,34.91735901
2023,2023-03-02 16:00,주,목,1,0,0,0,0,전남,담양군,차대차,측면충돌,측면충돌,기타,교차로,교차로내,화물차,이륜차,949944,1696226,126.949706,35.26023041
2023,2023-03-02 19:00,야,목,1,0,0,0,0,전북,고창군,차대차,추돌,추돌,기타,단일로,기타단일로,화물차,이륜차,912151,1725797,126.5310837,35.52422726
2023,2023-03-02 19:00,야,목,1,0,0,0,0,인천,중구,차대사람,횡단중,횡단중,신호위반,단일로,기타단일로,승용차,보행자,923118,1940372,126.6306762,37.45935662
2023,2023-03-02 20:00,야,목,1,1,1,0,0,경기,용인시,차대차,정면충돌,정면충돌,중앙선 침범,단일로,기타단일로,승용차,화물차,971582,1919948,127.1794403,37.27802101
2023,2023-03-02 22:00,야,목,1,0,0,0,0,충남,논산시,차대사람,횡단중,횡단중,안전운전 의무 불이행,교차로,교차로부근,승용차,보행자,971035,1801725,127.1777572,36.21226263
2023,2023-03-02 22:00,야,목,1,0,0,0,0,광주,북구,차량단독,전도,전도,안전운전 의무 불이행,단일로,기타단일로,원동기장치자전거,없음,943031,1689791,126.874157,35.20183939
2023,2023-03-02 23:00,야,목,1,1,0,1,0,서울,강남구,차대사람,기타,기타,안전운전 의무 불이행,기타,기타,이륜차,보행자,958954,1946433,127.0355271,37.51627288
2023,2023-03-03 07:00,주,금,1,0,0,0,0,부산,금정구,차대차,측면충돌,측면충돌,교차로 통행방법 위반,교차로,교차로내,화물차,자전거,1147252,1693421,129.118068,35.22537298
2023,2023-03-03 08:00,주,금,1,0,0,0,0,충남,서천군,차대차,기타,기타,신호위반,교차로,교차로내,승용차,이륜차,925189,1785676,126.6692692,36.06512428
2023,2023-03-03 08:00,주,금,1,0,0,0,0,울산,울주군,차대차,측면충돌,측면충돌,중앙선 침범,단일로,기타단일로,사륜오토바이(ATV),승용차,1155651,1722451,129.2158512,35.48574799
2023,2023-03-03 14:00,주,금,1,0,0,0,0,충남,천안시,차대차,측면충돌,측면충돌,안전거리 미확보,단일로,기타단일로,승용차,이륜차,967608,1873221,127.1366286,36.85668721
2023,2023-03-03 16:00,주,금,1,0,0,0,0,강원,홍천군,차대차,측면충돌,측면충돌,안전운전 의무 불이행,교차로,교차로내,화물차,자전거,1034234,1965598,127.8882875,37.68929079
2023,2023-03-03 16:00,주,금,1,0,0,0,0,전북,고창군,차량단독,도로이탈,도로이탈 추락,안전운전 의무 불이행,단일로,기타단일로,농기계,없음,910708,1725761,126.5151744,35.52377382
2023,2023-03-03 21:00,야,금,1,0,0,0,0,경기,오산시,차대사람,횡단중,횡단중,보행자 보호의무 위반,교차로,교차로내,승용차,보행자,961240,1905738,127.063522,37.14956094
2023,2023-03-04 03:00,야,토,1,0,0,0,0,부산,동래구,차량단독,공작물충돌,공작물충돌,안전운전 의무 불이행,단일로,지하차도(도로)내,이륜차,없음,1143639,1691125,129.0779797,35.20520165
2023,2023-03-04 04:00,야,토,1,1,0,1,0,충남,천안시,차대사람,횡단중,횡단중,기타,교차로,교차로횡단보도내,승용차,보행자,971869,1873062,127.1844334,36.85539041
2023,2023-03-04 05:00,야,토,1,1,1,0,0,서울,관악구,차대차,기타,기타,안전운전 의무 불이행,교차로,교차로내,이륜차,승용차,948238,1942664,126.9145363,37.48176306
2023,2023-03-04 11:00,주,토,1,0,0,0,0,부산,영도구,차량단독,공작물충돌,공작물충돌,안전운전 의무 불이행,단일로,기타단일로,이륜차,없음,1140363,1678800,129.0399072,35.09456838
2023,2023-03-04 14:00,주,토,1,0,0,0,0,경남,창녕군,차대차,기타,기타,안전운전 의무 불이행,단일로,기타단일로,이륜차,승용차,1096708,1730294,128.5671478,35.56394359
2023,2023-03-04 15:00,주,토,1,0,0,0,0,경기,화성시,차량단독,도로이탈,도로이탈 추락,안전운전 의무 불이행,기타,기타,농기계,없음,933034,1913350,126.7452305,37.21657549
2023,2023-03-04 19:00,야,토,1,0,0,0,0,경북,안동시,차대사람,기타,기타,안전거리 미확보,단일로,기타단일로,승용차,보행자,1098898,1842638,128.6053908,36.57641595
2023,2023-03-04 23:00,야,토,1,0,0,0,0,서울,도봉구,차대사람,횡단중,횡단중,기타,단일로,기타단일로,이륜차,보행자,958941,1961110,127.0345571,37.64855967
2023,2023-03-05 00:00,야,일,1,0,0,0,0,인천,미추홀구,차대사람,보도통행중,보도통행중,안전운전 의무 불이행,교차로,교차로내,승용차,보행자,927300,1938285,126.6781643,37.44088526
2023,2023-03-05 01:00,야,일,1,0,0,0,0,서울,강서구,차량단독,도로이탈,도로이탈 기타,안전운전 의무 불이행,교차로,교차로부근,승용차,없음,939214,1949764,126.8118876,37.5452055
2023,2023-03-05 03:00,야,일,1,0,0,0,0,경기,수원시,차량단독,공작물충돌,공작물충돌,안전운전 의무 불이행,단일로,기타단일로,승용차,없음,959575,1921323,127.0439279,37.28997063
2023,2023-03-05 03:00,야,일,1,0,0,0,0,경기,의정부시,차대사람,기타,기타,기타,교차로,교차로내,승용차,보행자,960313,1971652,127.0495351,37.74363597
2023,2023-03-05 16:00,주,일,1,0,0,0,0,충남,당진시,차량단독,공작물충돌,공작물충돌,안전운전 의무 불이행,단일로,기타단일로,이륜차,없음,933351,1874015,126.752288,36.86204838
2023,2023-03-05 16:00,주,일,1,0,0,0,0,충남,당진시,차대차,추돌,추돌,안전운전 의무 불이행,단일로,기타단일로,이륜차,건설기계,919446,1875589,126.5961417,36.87515204
2023,2023-03-06 14:00,주,월,1,0,0,0,0,부산,금정구,차대차,기타,기타,중앙선 침범,단일로,기타단일로,화물차,이륜차,1144760,1699656,129.0917928,35.28193551
2023,2023-03-06 15:00,주,월,1,0,0,0,0,울산,동구,차대차,측면충돌,측면충돌,안전운전 의무 불이행,교차로,교차로내,승용차,이륜차,1173324,1727871,129.4117391,35.53166429
2023,2023-03-07 06:00,주,화,1,1,1,0,0,충남,예산군,차대차,추돌,추돌,안전운전 의무 불이행,단일로,기타단일로,화물차,농기계,925839,1855774,126.6697965,36.69706741
2023,2023-03-07 08:00,주,화,1,0,0,0,0,강원,고성군,차량단독,도로이탈,도로이탈 추락,안전운전 의무 불이행,단일로,기타단일로,화물차,없음,1090762,2026399,128.5370485,38.23334508
2023,2023-03-07 09:00,주,화,1,0,0,0,0,전북,군산시,차대차,측면충돌,측면충돌,안전운전 의무 불이행,교차로,교차로부근,승합차,자전거,929248,1776775,126.7151343,35.98518515
2023,2023-03-07 12:00,주,화,1,1,0,1,0,전북,김제시,차대차,정면충돌,정면충돌,중앙선 침범,단일로,지하차도(도로)내,승용차,승합차,955074,1751645,127.0030316,35.76015037
2023,2023-03-07 17:00,주,화,1,0,0,0,0,경북,영천시,차대사람,기타,기타,안전운전 의무 불이행,단일로,기타단일로,화물차,보행자,1126937,1781032,128.9086875,36.01785925
2023,2023-03-07 22:00,야,화,1,0,0,0,0,대전,대덕구,차대사람,횡단중,횡단중,기타,단일로,기타단일로,승용차,보행자,990609,1826810,127.3952198,36.43880311
2023,2023-03-08 12:00,주,수,1,0,0,0,0,충북,제천시,차량단독,도로이탈,도로이탈 기타,안전운전 의무 불이행,단일로,기타단일로,승용차,없음,1059781,1895332,128.1723546,37.0546568
2023,2023-03-09 03:00,야,목,1,0,0,0,0,서울,영등포구,차대차,기타,기타,안전운전 의무 불이행,단일로,기타단일로,화물차,건설기계,945449,1946515,126.8827068,37.51631216
2023,2023-03-09 03:00,야,목,1,0,0,0,0,경기,이천시,차대차,정면충돌,정면충돌,중앙선 침범,단일로,기타단일로,이륜차,화물차,987476,1916528,127.358784,37.24754285