발생년,발생년월일시,주야,요일,사망자수,부상자수,중상자수,경상자수,부상신고자수,발생지시도,발생지시군구,사고유형_대분류,사고유형_중분류,사고유형,가해자법규위반,도로형태_대분류,도로형태,가해자_당사자종별,피해자_당사자종별,발생위치X,발생위치Y,경도,위도
2023,2023-04-25 03:00,야,화,1,0,0,0,0,광주,광산구,차량단독,공작물충돌,공작물충돌,안전운전 의무 불이행,단일로,기타단일로,이륜차,없음,937692,1689497,126.8155303,35.1988712
2023,2023-04-25 08:00,주,화,1,0,0,0,0,전남,여수시,차대차,측면충돌,측면충돌,기타,교차로,교차로부근,화물차,승용차,1011027,1647211,127.6205773,34.81943504
2023,2023-04-25 11:00,주,화,1,1,1,0,0,강원,횡성군,차대차,측면충돌,측면충돌,기타,기타,기타,건설기계,승용차,1050411,1949411,128.0706465,37.54264985
2023,2023-04-25 11:00,주,화,1,0,0,0,0,경북,문경시,차량단독,도로이탈,도로이탈 추락,안전운전 의무 불이행,단일로,기타단일로,승용차,없음,1065685,1841652,128.2341169,36.57039208
2023,2023-04-25 14:00,주,화,1,1,1,0,0,경남,창원시(통합),차대차,측면충돌,측면충돌,중앙선 침범,단일로,기타단일로,화물차,승용차,1094309,1694411,128.5365297,35.240677
2023,2023-04-26 15:00,주,수,1,0,0,0,0,전남,함평군,차량단독,도로이탈,도로이탈 추락,안전운전 의무 불이행,단일로,기타단일로,농기계,없음,914027,1678195,126.5567677,35.09522407
2023,2023-04-26 19:00,야,수,1,0,0,0,0,부산,사상구,차대차,추돌,추돌,안전운전 의무 불이행,단일로,기타단일로,화물차,기타,1135699,1685642,128.9898776,35.15688252
2023,2023-04-26 19:00,야,수,1,0,0,0,0,경북,영주시,차량단독,공작물충돌,공작물충돌,안전운전 의무 불이행,단일로,기타단일로,기타,없음,1102710,1882985,128.6534227,36.93965978
2023,2023-04-27 02:00,야,목,1,0,0,0,0,충북,충주시,차대차,추돌,추돌,안전운전 의무 불이행,단일로,기타단일로,승용차,개인형이동장치(PM),1032860,1885025,127.8691337,36.96307678
2023,2023-04-27 02:00,야,목,1,0,0,0,0,충북,청주시,차량단독,공작물충돌,공작물충돌,안전운전 의무 불이행,단일로,지하차도(도로)내,이륜차,없음,1000368,1845462,127.5041149,36.60699968
2023,2023-04-27 14:00,주,목,1,0,0,0,0,경남,함양군,차대차,측면충돌,측면충돌,중앙선 침범,교차로,교차로내,화물차,이륜차,1020729,1724218,127.7286006,35.51366516
2023,2023-04-27 16:00,주,목,1,3,3,0,0,강원,영월군,차량단독,공작물충돌,공작물충돌,안전운전 의무 불이행,교차로,교차로내,승용차,없음,1073555,1908107,128.3285104,37.16882285
2023,2023-04-27 20:00,야,목,1,7,7,0,0,경북,청송군,차대차,정면충돌,정면충돌,중앙선 침범,단일로,기타단일로,화물차,승용차,1136665,1834141,129.0258931,36.49518085
2023,2023-04-27 23:00,야,목,1,0,0,0,0,경기,평택시,차량단독,공작물충돌,공작물충돌,안전운전 의무 불이행,단일로,기타단일로,승용차,없음,954929,1896498,126.9930114,37.06598938
2023,2023-04-28 01:00,야,금,1,0,0,0,0,경기,광주시,차대차,추돌,추돌,안전운전 의무 불이행,단일로,기타단일로,승용차,화물차,976079,1929332,127.2298641,37.36273339
2023,2023-04-28 04:00,야,금,1,0,0,0,0,대구,북구,차대사람,횡단중,횡단중,안전운전 의무 불이행,교차로,교차로부근,승용차,보행자,1096100,1766573,128.5647838,35.89105067
2023,2023-04-28 05:00,야,금,1,1,1,0,0,전북,전주시,차량단독,공작물충돌,공작물충돌,안전운전 의무 불이행,단일로,기타단일로,이륜차,없음,960146,1759849,127.0587273,35.8343362
2023,2023-04-28 10:00,주,금,1,0,0,0,0,전남,나주시,차대차,기타,기타,안전운전 의무 불이행,교차로,교차로내,농기계,이륜차,922860,1657764,126.655562,34.91172408
2023,2023-04-28 11:00,주,금,1,0,0,0,0,경북,영주시,차대사람,길가장자리구역통행중,길가장자리구역통행중,안전운전 의무 불이행,단일로,기타단일로,화물차,보행자,1105156,1872977,128.6794969,36.84919103
2023,2023-04-28 13:00,주,금,1,0,0,0,0,전북,완주군,차량단독,도로이탈,도로이탈 추락,안전운전 의무 불이행,단일로,기타단일로,승용차,없음,971039,1783170,127.1784846,36.04497815
2023,2023-04-28 15:00,주,금,1,0,0,0,0,대전,대덕구,차대사람,기타,기타,안전운전 의무 불이행,단일로,기타단일로,승용차,보행자,993327,1828017,127.4255355,36.4497073
2023,2023-04-28 17:00,주,금,1,3,0,3,0,전북,완주군,차대차,추돌,추돌,안전운전 의무 불이행,단일로,기타단일로,화물차,화물차,964197,1769409,127.1031502,35.92068463
2023,2023-04-29 01:00,야,토,1,1,0,0,1,경북,포항시,차대사람,차도통행중,차도통행중,안전운전 의무 불이행,단일로,기타단일로,승용차,보행자,1169029,1785875,129.3766431,36.05510514
2023,2023-04-29 05:00,야,토,1,0,0,0,0,경기,안산시,차대사람,기타,기타,기타,교차로,교차로횡단보도내,승용차,보행자,943653,1922723,126.8641995,37.30176101
2023,2023-04-29 16:00,주,토,1,2,0,2,0,충북,옥천군,차대차,측면충돌,측면충돌,교차로 통행방법 위반,교차로,교차로부근,화물차,화물차,1003981,1813760,127.5443512,36.32119028
2023,2023-04-30 03:00,야,일,1,0,0,0,0,서울,성동구,차대차,추돌,추돌,안전운전 의무 불이행,단일로,교량위,승용차,자전거,958856,1948336,127.0343116,37.53342088
2023,2023-04-30 07:00,주,일,1,0,0,0,0,경남,김해시,차량단독,전복,전복,안전운전 의무 불이행,단일로,터널안,승용차,없음,1131759,1699504,128.9488511,35.28236193
2023,2023-04-30 10:00,주,일,1,0,0,0,0,대전,동구,차대사람,기타,기타,안전운전 의무 불이행,단일로,기타단일로,승용차,보행자,992710,1815759,127.4187654,36.33919278
2023,2023-04-30 15:00,주,일,1,0,0,0,0,경북,구미시,차대차,측면충돌,측면충돌,신호위반,교차로,교차로내,이륜차,승용차,1084485,1794933,128.4391354,36.14777961
2023,2023-04-30 16:00,주,일,1,1,0,1,0,경북,김천시,차대차,측면충돌,측면충돌,안전운전 의무 불이행,단일로,기타단일로,승용차,승용차,1056040,1787412,128.1224265,36.08203815
2023,2023-04-30 16:00,주,일,1,0,0,0,0,경북,청도군,차량단독,기타,기타,안전운전 의무 불이행,단일로,기타단일로,자전거,없음,1096671,1741541,128.5680867,35.66533839
2023,2023-04-30 17:00,주,일,1,0,0,0,0,충북,충주시,차대사람,기타,기타,안전운전 의무 불이행,단일로,기타단일로,화물차,보행자,1034409,1897807,127.8871182,37.07824082
2023,2023-05-01 02:00,야,월,1,0,0,0,0,서울,서초구,차대사람,차도통행중,차도통행중,안전운전 의무 불이행,단일로,기타단일로,승용차,보행자,954835,1945291,126.9889887,37.50578722
2023,2023-05-01 04:00,야,월,1,5,1,4,0,충북,음성군,차대차,추돌,추돌,안전운전 의무 불이행,단일로,기타단일로,승용차,화물차,997282,1884208,127.4694699,36.95628178
2023,2023-05-01 06:00,주,월,1,0,0,0,0,강원,영월군,차량단독,공작물충돌,공작물충돌,안전운전 의무 불이행,단일로,기타단일로,화물차,없음,1069591,1920508,128.2850223,37.28089978
2023,2023-05-01 09:00,주,월,1,0,0,0,0,대전,서구,차대사람,횡단중,횡단중,안전운전 의무 불이행,단일로,기타단일로,승용차,보행자,988679,1814198,127.3738696,36.32508073
2023,2023-05-01 11:00,주,월,1,1,1,0,0,강원,횡성군,차대차,측면충돌,측면충돌,기타,교차로,교차로부근,화물차,화물차,1051743,1938914,128.0849854,37.44796444
2023,2023-05-01 14:00,주,월,1,1,1,0,0,부산,해운대구,차대사람,보도통행중,보도통행중,안전운전 의무 불이행,교차로,교차로내,화물차,보행자,1150939,1694006,129.1586747,35.23009752
2023,2023-05-01 15:00,주,월,1,0,0,0,0,서울,용산구,차대차,기타,기타,중앙선 침범,단일로,기타단일로,이륜차,화물차,952204,1947337,126.9590888,37.52409579
2023,2023-05-01 16:00,주,월,1,1,1,0,0,전북,완주군,차대사람,길가장자리구역통행중,길가장자리구역통행중,안전운전 의무 불이행,단일로,기타단일로,승용차,보행자,966512,1774476,127.1285961,35.96644996
2023,2023-05-01 19:00,야,월,1,0,0,0,0,경기,용인시,차량단독,전도,전도,안전운전 의무 불이행,단일로,기타단일로,이륜차,없음,978221,1916483,127.25443,37.24696679
2023,2023-05-02 04:00,야,화,1,0,0,0,0,부산,해운대구,차대사람,차도통행중,차도통행중,안전운전 의무 불이행,단일로,기타단일로,화물차,보행자,1151157,1687031,129.1597896,35.16719658
2023,2023-05-02 06:00,주,화,1,0,0,0,0,대구,북구,차대사람,횡단중,횡단중,안전운전 의무 불이행,교차로,교차로횡단보도내,특수차,보행자,1094905,1766884,128.5515823,35.89397086
2023,2023-05-02 10:00,주,화,1,0,0,0,0,부산,사하구,차대사람,기타,기타,안전운전 의무 불이행,단일로,기타단일로,승용차,보행자,1132957,1680327,128.9589262,35.1093379
2023,2023-05-02 12:00,주,화,1,0,0,0,0,경기,여주시,차량단독,공작물충돌,공작물충돌,안전운전 의무 불이행,단일로,기타단일로,농기계,없음,1005627,1909378,127.5633941,37.18315927
2023,2023-05-02 15:00,주,화,1,0,0,0,0,강원,강릉시,차대차,측면충돌,측면충돌,안전운전 의무 불이행,교차로,교차로내,승용차,자전거,1118859,1971638,128.8489471,37.73665125
2023,2023-05-02 18:00,야,화,1,0,0,0,0,전북,남원시,차대사람,기타,기타,안전운전 의무 불이행,단일로,지하차도(도로)내,승용차,보행자,988280,1715964,127.3708699,35.43938862
2023,2023-05-02 19:00,야,화,1,0,0,0,0,충남,천안시,차대사람,횡단중,횡단중,기타,단일로,교량위,승용차,보행자,969066,1867004,127.1532371,36.80069278
2023,2023-05-02 20:00,야,화,1,0,0,0,0,서울,용산구,차대사람,횡단중,횡단중,안전운전 의무 불이행,교차로,교차로부근,개인형이동장치(PM),보행자,955911,1947524,127.0010285,37.52596596
2023,2023-05-02 23:00,야,화,1,0,0,0,0,전남,목포시,차량단독,도로이탈,도로이탈 추락,안전운전 의무 불이행,교차로,교차로내,승용차,없음,900192,1648332,126.4085792,34.82470787
2023,2023-05-03 13:00,주,수,1,0,0,0,0,전북,익산시,차대사람,횡단중,횡단중,안전운전 의무 불이행,단일로,기타단일로,승용차,보행자,948734,1768930,126.9317916,35.91567732
2023,2023-05-03 15:00,주,수,1,0,0,0,0,경북,포항시,차대차,측면충돌,측면충돌,안전운전 의무 불이행,교차로,교차로내,화물차,이륜차,1167941,1775833,129.3624389,35.96480366
2023,2023-05-03 22:00,야,수,1,0,0,0,0,전남,신안군,차량단독,도로이탈,도로이탈 기타,안전운전 의무 불이행,교차로,교차로부근,승용차,없음,857540,1634468,125.9446466,34.69465432
2023,2023-05-04 00:00,야,목,1,4,4,0,0,경기,광주시,차대차,정면충돌,정면충돌,중앙선 침범,단일로,기타단일로,승용차,승용차,977544,1933574,127.2462791,37.40100638
2023,2023-05-04 01:00,야,목,1,0,0,0,0,서울,광진구,차대차,기타,기타,안전운전 의무 불이행,단일로,기타단일로,승용차,화물차,962817,1947718,127.0791743,37.52801889
2023,2023-05-04 07:00,주,목,1,0,0,0,0,강원,홍천군,차대차,측면충돌,측면충돌,신호위반,교차로,교차로내,이륜차,화물차,1044258,1980314,128.0028747,37.8214959
2023,2023-05-04 11:00,주,목,1,1,0,1,0,전남,영암군,차대사람,기타,기타,기타,단일로,기타단일로,승용차,보행자,910643,1642299,126.5234891,34.77128327
2023,2023-05-04 12:00,주,목,1,2,0,2,0,경북,경주시,차대차,측면충돌,측면충돌,안전운전 의무 불이행,교차로,교차로부근,화물차,화물차,1159497,1757493,129.265165,35.80094352
2023,2023-05-04 21:00,야,목,1,0,0,0,0,경남,창원시(통합),차대사람,횡단중,횡단중,안전운전 의무 불이행,교차로,교차로횡단보도내,승용차,보행자,1098000,1690078,128.5765744,35.20125857
2023,2023-05-04 22:00,야,목,1,0,0,0,0,전남,나주시,차대사람,차도통행중,차도통행중,안전운전 의무 불이행,단일로,기타단일로,승용차,보행자,928002,1661949,126.7114847,34.94983699
2023,2023-05-05 02:00,야,금,1,0,0,0,0,부산,북구,차대사람,기타,기타,안전운전 의무 불이행,단일로,기타단일로,승용차,보행자,1137629,1691762,129.0120828,35.21178592
2023,2023-05-05 08:00,주,금,1,0,0,0,0,서울,성북구,차대사람,횡단중,횡단중,안전운전 의무 불이행,단일로,기타단일로,건설기계,보행자,960522,1956660,127.0527192,37.6085203
2023,2023-05-05 16:00,주,금,1,2,0,1,1,서울,서대문구,차대차,측면충돌,측면충돌,안전운전 의무 불이행,단일로,기타단일로,승용차,승용차,950855,1954811,126.9433218,37.59138918
2023,2023-05-06 12:00,주,토,1,0,0,0,0,경남,산청군,차량단독,공작물충돌,공작물충돌,안전운전 의무 불이행,단일로,기타단일로,특수차,없음,1033749,1717835,127.8719184,35.45575513
2023,2023-05-06 18:00,야,토,1,0,0,0,0,전북,임실군,차량단독,공작물충돌,공작물충돌,안전운전 의무 불이행,기타,기타,화물차,없음,965941,1741913,127.1236517,35.67284154
2023,2023-05-07 01:00,야,일,1,0,0,0,0,경기,화성시,차량단독,공작물충돌,공작물충돌,안전운전 의무 불이행,단일로,기타단일로,이륜차,없음,961852,1911549,127.0701169,37.20196594
2023,2023-05-08 00:00,야,월,2,3,3,0,0,경기,의왕시,차량단독,공작물충돌,공작물충돌,안전운전 의무 불이행,교차로,교차로내,화물차,없음,955114,1934194,126.9928211,37.40577936
2023,2023-05-08 09:00,주,월,1,0,0,0,0,제주,제주시,차대사람,횡단중,횡단중,안전운전 의무 불이행,교차로,교차로횡단보도내,승용차,보행자,910885,1500735,126.5406672,33.49476013
2023,2023-05-08 11:00,주,월,1,0,0,0,0,전남,고흥군,차량단독,기타,기타,안전운전 의무 불이행,단일로,기타단일로,화물차,없음,988106,1639328,127.3700538,34.74833843
2023,2023-05-08 13:00,주,월,1,0,0,0,0,광주,북구,차대사람,기타,기타,안전운전 의무 불이행,단일로,기타단일로,화물차,보행자,943670,1694303,126.8808676,35.24255828
2023,2023-05-08 15:00,주,월,1,0,0,0,0,전남,나주시,차량단독,기타,기타,안전운전 의무 불이행,기타,기타,화물차,없음,941287,1675048,126.8560467,35.06880612
2023,2023-05-08 17:00,주,월,1,1,1,0,0,광주,광산구,차량단독,공작물충돌,공작물충돌,안전운전 의무 불이행,단일로,기타단일로,승용차,없음,941393,1688652,126.8562445,35.19147517
2023,2023-05-08 18:00,야,월,1,4,3,1,0,충북,옥천군,차대차,추돌,추돌,안전운전 의무 불이행,단일로,기타단일로,화물차,승용차,1010310,1808237,127.6147879,36.27135083
2023,2023-05-09 02:00,야,화,1,0,0,0,0,부산,동래구,차대사람,기타,기타,안전운전 의무 불이행,단일로,지하차도(도로)내,화물차,보행자,1145959,1691393,129.1035053,35.20728251
2023,2023-05-09 03:00,야,화,1,0,0,0,0,경기,수원시,차대사람,횡단중,횡단중,안전운전 의무 불이행,단일로,기타단일로,화물차,보행자,956240,1918968,127.0064425,37.26859249
2023,2023-05-09 07:00,주,화,1,0,0,0,0,경남,거창군,차대사람,횡단중,횡단중,안전운전 의무 불이행,단일로,기타단일로,화물차,보행자,1037044,1744008,127.909428,35.69162285
2023,2023-05-09 09:00,주,화,1,0,0,0,0,대전,대덕구,차대차,측면충돌,측면충돌,기타,교차로,교차로내,화물차,자전거,993945,1827594,127.4324351,36.44589795
2023,2023-05-09 10:00,주,화,1,0,0,0,0,충남,부여군,차대사람,횡단중,횡단중,안전운전 의무 불이행,교차로,교차로내,화물차,보행자,953079,1796425,126.9783152,36.16377702
2023,2023-05-09 12:00,주,화,1,0,0,0,0,경남,사천시,차대차,측면충돌,측면충돌,기타,교차로,교차로내,승용차,원동기장치자전거,1049174,1667043,128.0388619,34.99713542
2023,2023-05-09 16:00,주,화,1,1,1,0,0,경기,안성시,차량단독,공작물충돌,공작물충돌,안전운전 의무 불이행,교차로,교차로내,이륜차,없음,968616,1888023,127.147322,36.99015202
2023,2023-05-09 16:00,주,화,1,0,0,0,0,인천,서구,차대사람,기타,기타,안전운전 의무 불이행,교차로,교차로내,승용차,보행자,927275,1951990,126.6765262,37.56440277
2023,2023-05-09 17:00,주,화,1,0,0,0,0,경북,김천시,차대차,측면충돌,측면충돌,중앙선 침범,단일로,기타단일로,이륜차,승용차,1054099,1792019,128.1011856,36.12368162
2023,2023-05-09 20:00,야,화,1,0,0,0,0,인천,강화군,차량단독,전복,전복,안전운전 의무 불이행,단일로,기타단일로,승용차,없음,907931,1959751,126.4565451,37.63261426
2023,2023-05-10 08:00,주,수,1,0,0,0,0,경북,김천시,차대차,측면충돌,측면충돌,중앙선 침범,교차로,교차로부근,건설기계,농기계,1061041,1788507,128.1780531,36.09160844
2023,2023-05-10 10:00,주,수,1,0,0,0,0,광주,북구,차대사람,횡단중,횡단중,안전운전 의무 불이행,단일로,기타단일로,화물차,보행자,946632,1685145,126.9140153,35.1601458
2023,2023-05-10 11:00,주,수,1,0,0,0,0,경기,안양시,차대차,측면충돌,측면충돌,안전운전 의무 불이행,교차로,교차로부근,화물차,자전거,950382,1931742,126.9395198,37.38343707
2023,2023-05-10 11:00,주,수,1,0,0,0,0,경남,합천군,차대사람,기타,기타,안전운전 의무 불이행,단일로,기타단일로,농기계,보행자,1048962,1728636,128.0402138,35.55250716
2023,2023-05-10 12:00,주,수,1,0,0,0,0,경기,수원시,차대사람,기타,기타,신호위반,교차로,교차로내,승합차,보행자,951879,1918679,126.9572766,37.26577228
2023,2023-05-10 14:00,주,수,1,0,0,0,0,충북,괴산군,차량단독,공작물충돌,공작물충돌,안전운전 의무 불이행,단일로,기타단일로,화물차,없음,1022557,1847912,127.7522963,36.6288194
2023,2023-05-11 06:00,주,목,1,0,0,0,0,충남,공주시,차량단독,도로이탈,도로이탈 추락,안전운전 의무 불이행,단일로,고가도로위,승용차,없음,966816,1833770,127.1294538,36.50101969
2023,2023-05-11 06:00,주,목,1,0,0,0,0,대구,달성군,차량단독,전도,전도,안전운전 의무 불이행,교차로,교차로내,화물차,없음,1087263,1748703,128.4649323,35.73078174
2023,2023-05-11 10:00,주,목,1,0,0,0,0,경기,고양시,차대차,추돌,추돌,안전운전 의무 불이행,단일로,기타단일로,화물차,개인형이동장치(PM),937483,1969485,126.7906059,37.72283054
2023,2023-05-11 15:00,주,목,1,0,0,0,0,경북,상주시,차대차,추돌,추돌,안전운전 의무 불이행,단일로,기타단일로,승용차,화물차,1060644,1833642,128.1771509,36.49851951
2023,2023-05-11 17:00,주,목,1,0,0,0,0,대구,달성군,차대차,기타,기타,안전운전 의무 불이행,교차로,교차로내,화물차,이륜차,1084453,1754265,128.4344499,35.78116894
2023,2023-05-11 20:00,야,목,1,0,0,0,0,경기,화성시,차대사람,기타,기타,안전운전 의무 불이행,기타,기타,승용차,보행자,952105,1903755,126.960783,37.13126309
2023,2023-05-12 00:00,야,금,1,0,0,0,0,경기,평택시,차대차,기타,기타,안전운전 의무 불이행,기타,기타,승용차,승용차,961637,1885162,127.0690428,36.96410347
2023,2023-05-12 04:00,야,금,1,0,0,0,0,대전,대덕구,차대차,추돌,추돌,안전운전 의무 불이행,단일로,고가도로위,승합차,자전거,992987,1821907,127.4217967,36.3946214
2023,2023-05-12 05:00,야,금,1,1,1,0,0,충북,청주시,차대차,정면충돌,정면충돌,중앙선 침범,단일로,기타단일로,승용차,승용차,1008644,1848066,127.5966838,36.63043561
2023,2023-05-12 08:00,주,금,1,0,0,0,0,충북,괴산군,차대차,측면충돌,측면충돌,기타,교차로,교차로내,화물차,이륜차,1021326,1851333,127.738623,36.65968771
2023,2023-05-12 10:00,주,금,1,0,0,0,0,경남,창원시(통합),차대사람,횡단중,횡단중,안전운전 의무 불이행,교차로,교차로횡단보도내,승용차,보행자,1120193,1677886,128.8185482,35.08893709
2023,2023-05-12 10:00,주,금,1,0,0,0,0,경남,김해시,차량단독,전도,전도,안전운전 의무 불이행,단일로,기타단일로,건설기계,없음,1124461,1702759,128.8691159,35.31263833
2023,2023-05-12 11:00,주,금,1,0,0,0,0,전남,여수시,차량단독,공작물충돌,공작물충돌,안전운전 의무 불이행,단일로,기타단일로,화물차,없음,1010346,1649838,127.6131632,34.84313162
2023,2023-05-12 13:00,주,금,1,0,0,0,0,전남,장흥군,차대사람,기타,기타,안전운전 의무 불이행,교차로,교차로부근,화물차,보행자,951944,1641944,126.9748308,34.77086565
2023,2023-05-12 15:00,주,금,1,1,0,0,1,경남,창원시(통합),차대차,추돌,추돌,안전운전 의무 불이행,교차로,교차로부근,화물차,건설기계,1082705,1678725,128.4074352,35.10027624
2023,2023-05-12 17:00,주,금,1,0,0,0,0,경기,평택시,차대사람,기타,기타,기타,단일로,기타단일로,승용차,보행자,961988,1886892,127.0728985,36.97971232
2023,2023-05-12 19:00,야,금,1,0,0,0,0,전남,순천시,차량단독,도로이탈,도로이탈 추락,안전운전 의무 불이행,단일로,기타단일로,이륜차,없음,992343,1649696,127.41625,34.84187492
2023,2023-05-12 20:00,야,금,1,0,0,0,0,전북,정읍시,차량단독,공작물충돌,공작물충돌,안전운전 의무 불이행,교차로,교차로내,화물차,없음,946628,1745038,126.910046,35.70016024
2023,2023-05-13 02:00,야,토,1,0,0,0,0,경기,남양주시,차량단독,전복,전복,안전운전 의무 불이행,기타,기타,승용차,없음,966681,1967012,127.1220257,37.70206912
2023,2023-05-13 04:00,야,토,1,0,0,0,0,경남,창원시(통합),차대사람,기타,기타,안전운전 의무 불이행,단일로,기타단일로,승용차,보행자,1106278,1684709,128.6668039,35.15201284
2023,2023-05-13 08:00,주,토,1,0,0,0,0,경기,평택시,차대차,기타,기타,안전운전 의무 불이행,단일로,기타단일로,화물차,승용차,962791,1895930,127.0814742,37.06121439
2023,2023-05-13 09:00,주,토,1,0,0,0,0,경남,양산시,차대사람,횡단중,횡단중,중앙선 침범,교차로,교차로내,승용차,보행자,1139673,1707832,129.0372685,35.35635468
2023,2023-05-13 12:00,주,토,1,0,0,0,0,전남,무안군,차량단독,도로이탈,도로이탈 추락,안전운전 의무 불이행,단일로,기타단일로,화물차,없음,908498,1658262,126.4983088,34.91502013
2023,2023-05-13 15:00,주,토,1,0,0,0,0,충북,제천시,차대사람,기타,기타,안전운전 의무 불이행,단일로,기타단일로,승용차,보행자,1060337,1892726,128.1783985,37.03113141
2023,2023-05-13 18:00,야,토,1,0,0,0,0,경기,안산시,차량단독,공작물충돌,공작물충돌,안전운전 의무 불이행,단일로,기타단일로,이륜차,없음,941899,1922417,126.844433,37.29889494
2023,2023-05-13 20:00,야,토,1,0,0,0,0,경기,광주시,차량단독,공작물충돌,공작물충돌,안전운전 의무 불이행,기타,기타,승용차,없음,973675,1928353,127.2027512,37.3538438
2023,2023-05-13 20:00,야,토,1,0,0,0,0,전남,신안군,차대사람,차도통행중,차도통행중,안전운전 의무 불이행,교차로,교차로부근,화물차,보행자,856233,1640942,125.929278,34.75283098
2023,2023-05-14 02:00,야,일,1,0,0,0,0,서울,구로구,차량단독,공작물충돌,공작물충돌,안전운전 의무 불이행,단일로,기타단일로,이륜차,없음,941234,1943524,126.8352522,37.48909522
2023,2023-05-14 08:00,주,일,1,1,1,0,0,경기,오산시,차대차,측면충돌,측면충돌,신호위반,교차로,교차로내,이륜차,승용차,961013,1908064,127.0608446,37.17051788
2023,2023-05-14 11:00,주,일,1,0,0,0,0,충남,천안시,차량단독,전복,전복,안전운전 의무 불이행,단일로,기타단일로,자전거,없음,980019,1868096,127.2759879,36.81083138
2023,2023-05-14 13:00,주,일,1,0,0,0,0,경기,용인시,차대차,기타,기타,안전운전 의무 불이행,단일로,기타단일로,승용차,원동기장치자전거,965493,1919400,127.1107821,37.27287553
2023,2023-05-14 16:00,주,일,1,4,0,4,0,전북,남원시,차대차,측면충돌,측면충돌,기타,교차로,교차로내,승용차,승용차,988797,1712474,127.3766142,35.40792598
2023,2023-05-14 18:00,야,일,1,0,0,0,0,강원,영월군,차대차,추돌,추돌,안전운전 의무 불이행,단일로,기타단일로,화물차,화물차,1086387,1909145,128.4731502,37.17707959
2023,2023-05-14 20:00,야,일,1,1,1,0,0,충남,당진시,차대차,추돌,추돌,안전운전 의무 불이행,단일로,지하차도(도로)내,승용차,이륜차,930493,1871408,126.7204664,36.83834334
2023,2023-05-15 05:00,야,월,1,0,0,0,0,경남,하동군,차대사람,횡단중,횡단중,기타,교차로,교차로내,승용차,보행자,1034713,1661956,127.8801861,34.95186449
2023,2023-05-15 06:00,주,월,1,1,0,1,0,경기,이천시,차대차,정면충돌,정면충돌,안전운전 의무 불이행,기타,기타,승용차,승용차,995298,1920000,127.44696,37.27891188
2023,2023-05-15 08:00,주,월,1,0,0,0,0,경기,안양시,차대사람,횡단중,횡단중,안전운전 의무 불이행,교차로,교차로횡단보도내,화물차,보행자,951700,1932901,126.9543315,37.39395326
2023,2023-05-15 08:00,주,월,1,0,0,0,0,전북,고창군,차대사람,기타,기타,기타,단일로,기타단일로,화물차,보행자,906875,1722410,126.4732898,35.49321123
2023,2023-05-15 10:00,주,월,1,0,0,0,0,충북,영동군,차대사람,기타,기타,기타,단일로,기타단일로,화물차,보행자,1038681,1799558,127.9302265,36.19238643
2023,2023-05-15 15:00,주,월,1,0,0,0,0,경남,김해시,차량단독,도로이탈,도로이탈 추락,안전운전 의무 불이행,단일로,기타단일로,이륜차,없음,1116870,1704540,128.7858857,35.32961002
2023,2023-05-15 23:00,야,월,1,0,0,0,0,서울,서초구,차대사람,기타,기타,기타,단일로,기타단일로,이륜차,보행자,955519,1946249,126.9966694,37.51445519
2023,2023-05-16 00:00,야,화,1,0,0,0,0,경북,구미시,차대사람,횡단중,횡단중,안전운전 의무 불이행,단일로,기타단일로,승용차,보행자,1075227,1790758,128.3358347,36.11090565
2023,2023-05-16 01:00,야,화,1,2,2,0,0,서울,서초구,차대차,기타,기타,기타,단일로,기타단일로,개인형이동장치(PM),승용차,957137,1945130,127.0150427,37.50444587
2023,2023-05-16 08:00,주,화,1,0,0,0,0,전북,익산시,차대사람,횡단중,횡단중,안전운전 의무 불이행,교차로,교차로횡단보도내,승용차,보행자,949281,1771905,126.9376641,35.94252732
2023,2023-05-16 09:00,주,화,1,0,0,0,0,세종,세종시,차대차,추돌,추돌,안전운전 의무 불이행,단일로,기타단일로,화물차,농기계,980837,1827157,127.2861805,36.44178591
2023,2023-05-16 15:00,주,화,1,3,3,0,0,충북,음성군,차대차,추돌,추돌,안전거리 미확보,단일로,기타단일로,승용차,승용차,1005562,1884827,127.56248,36.96184924
2023,2023-05-16 15:00,주,화,1,1,0,1,0,경북,구미시,차대차,기타,기타,중앙선 침범,단일로,기타단일로,승용차,화물차,1077372,1799797,128.3605549,36.19222087
2023,2023-05-16 22:00,야,화,1,1,0,1,0,경기,광명시,차대사람,기타,기타,안전운전 의무 불이행,단일로,기타단일로,승용차,보행자,943660,1942226,126.8627923,37.47754739