발생년,발생년월일시,주야,요일,사망자수,부상자수,중상자수,경상자수,부상신고자수,발생지시도,발생지시군구,사고유형_대분류,사고유형_중분류,사고유형,가해자법규위반,도로형태_대분류,도로형태,가해자_당사자종별,피해자_당사자종별,발생위치X,발생위치Y,경도,위도
2023,2023-06-06 22:00,야,화,1,0,0,0,0,대구,수성구,차대사람,횡단중,횡단중,안전운전 의무 불이행,단일로,기타단일로,승용차,보행자,1104538,1765008,128.6580546,35.87607816
2023,2023-06-07 10:00,주,수,1,0,0,0,0,경북,상주시,차대차,측면충돌,측면충돌,기타,교차로,교차로내,승용차,이륜차,1064431,1828719,128.2190235,36.45389357
2023,2023-06-07 10:00,주,수,1,0,0,0,0,경남,창녕군,차대차,추돌,추돌,안전운전 의무 불이행,단일로,기타단일로,특수차,특수차,1092634,1716311,128.5206027,35.43827279
2023,2023-06-07 11:00,주,수,1,0,0,0,0,인천,연수구,차대사람,횡단중,횡단중,안전운전 의무 불이행,교차로,교차로횡단보도내,건설기계,보행자,923799,1932169,126.6392224,37.38548131
2023,2023-06-07 12:00,주,수,1,0,0,0,0,경북,청송군,차대차,정면충돌,정면충돌,안전운전 의무 불이행,단일로,기타단일로,승용차,승용차,1143395,1821780,129.098722,36.38280197
2023,2023-06-07 17:00,주,수,1,0,0,0,0,서울,은평구,차대사람,차도통행중,차도통행중,안전운전 의무 불이행,교차로,교차로내,승용차,보행자,948629,1956452,126.9179932,37.60605799
2023,2023-06-07 17:00,주,수,1,0,0,0,0,강원,강릉시,차량단독,전복,전복,안전운전 의무 불이행,기타,기타,농기계,없음,1118724,1983679,128.8493874,37.84516683
2023,2023-06-07 20:00,야,수,1,2,0,1,1,경북,성주군,차대차,추돌,추돌,기타,단일로,교량위,화물차,농기계,1080263,1765351,128.3892082,35.88146175
2023,2023-06-08 09:00,주,목,1,1,0,1,0,서울,동작구,차대사람,기타,기타,안전운전 의무 불이행,단일로,기타단일로,승용차,보행자,951329,1945099,126.949335,37.50387842
2023,2023-06-08 10:00,주,목,1,0,0,0,0,경기,시흥시,차대사람,횡단중,횡단중,안전운전 의무 불이행,교차로,교차로횡단보도내,승용차,보행자,937253,1939213,126.7905903,37.44997814
2023,2023-06-08 13:00,주,목,1,2,1,1,0,전남,함평군,차량단독,기타,기타,안전운전 의무 불이행,단일로,기타단일로,화물차,없음,907167,1681233,126.4811742,35.12200542
2023,2023-06-08 14:00,주,목,1,1,0,1,0,경남,김해시,차대차,정면충돌,정면충돌,교차로 통행방법 위반,교차로,교차로내,화물차,건설기계,1113800,1703029,128.7519047,35.31634318
2023,2023-06-08 17:00,주,목,1,0,0,0,0,강원,홍천군,차대차,정면충돌,정면충돌,중앙선 침범,단일로,지하차도(도로)내,화물차,건설기계,1063653,1961927,128.2216233,37.65463458
2023,2023-06-08 21:00,야,목,1,0,0,0,0,충북,충주시,차대사람,기타,기타,안전운전 의무 불이행,단일로,기타단일로,승용차,보행자,1039361,1891729,127.942511,37.02325831
2023,2023-06-08 23:00,야,목,1,0,0,0,0,서울,송파구,차대차,기타,기타,신호위반,교차로,교차로내,이륜차,승용차,967120,1944810,127.1280034,37.50197126
2023,2023-06-08 23:00,야,목,1,0,0,0,0,경남,거제시,차대사람,기타,기타,안전운전 의무 불이행,단일로,기타단일로,승용차,보행자,1101950,1655536,128.6157169,34.88944635
2023,2023-06-09 07:00,주,금,1,0,0,0,0,경기,부천시,차대차,측면충돌,측면충돌,안전운전 의무 불이행,교차로,교차로내,승용차,자전거,935354,1948170,126.768335,37.53057627
2023,2023-06-09 09:00,주,금,1,0,0,0,0,서울,서대문구,차대차,측면충돌,측면충돌,신호위반,교차로,교차로부근,원동기장치자전거,승용차,949999,1953557,126.9337117,37.58004063
2023,2023-06-09 10:00,주,금,2,2,1,1,0,전남,영암군,차대차,측면충돌,측면충돌,신호위반,교차로,교차로내,승용차,화물차,900186,1640319,126.4094651,34.75246115
2023,2023-06-09 12:00,주,금,1,0,0,0,0,전남,해남군,차대사람,기타,기타,안전운전 의무 불이행,단일로,기타단일로,화물차,보행자,891207,1625823,126.3132481,34.62084778
2023,2023-06-09 13:00,주,금,1,54,0,54,0,경기,여주시,차대차,기타,기타,안전운전 의무 불이행,단일로,기타단일로,화물차,화물차,1008313,1913828,127.5937043,37.223252
2023,2023-06-09 21:00,야,금,1,0,0,0,0,전남,순천시,차대차,정면충돌,정면충돌,신호위반,교차로,교차로내,이륜차,승용차,998476,1664787,127.4833034,34.97798683
2023,2023-06-09 21:00,야,금,1,0,0,0,0,전남,담양군,차대사람,차도통행중,차도통행중,안전운전 의무 불이행,단일로,기타단일로,승용차,보행자,949339,1704949,126.942516,35.3388515
2023,2023-06-10 10:00,주,토,1,0,0,0,0,전남,구례군,차대사람,기타,기타,중앙선 침범,단일로,기타단일로,승용차,보행자,996771,1690161,127.4645249,35.20678786
2023,2023-06-10 11:00,주,토,1,1,0,1,0,전남,여수시,차대차,측면충돌,측면충돌,기타,단일로,기타단일로,승용차,승용차,1018088,1637058,127.6975689,34.72777707
2023,2023-06-10 17:00,주,토,1,2,2,0,0,경북,경주시,차대차,측면충돌,측면충돌,안전운전 의무 불이행,교차로,교차로내,승용차,승용차,1177297,1747926,129.4599446,35.71168215
2023,2023-06-10 22:00,야,토,1,0,0,0,0,경북,경산시,차대차,추돌,추돌,안전운전 의무 불이행,단일로,기타단일로,화물차,농기계,1121122,1756212,128.8403928,35.79488217
2023,2023-06-11 00:00,야,일,1,2,0,2,0,부산,수영구,차대차,기타,기타,기타,교차로,교차로부근,승용차,승용차,1147090,1683844,129.1145799,35.13907375
2023,2023-06-11 00:00,야,일,1,0,0,0,0,경기,부천시,차대사람,기타,기타,안전운전 의무 불이행,단일로,기타단일로,승용차,보행자,938158,1942948,126.8005079,37.48370283
2023,2023-06-11 01:00,야,일,1,0,0,0,0,경북,포항시,차대차,정면충돌,정면충돌,안전운전 의무 불이행,단일로,기타단일로,승합차,사륜오토바이(ATV),1165871,1790137,129.3424938,36.09405436
2023,2023-06-11 03:00,야,일,1,0,0,0,0,충북,괴산군,차량단독,공작물충돌,공작물충돌,안전운전 의무 불이행,단일로,기타단일로,이륜차,없음,1025311,1866639,127.7837191,36.79756952
2023,2023-06-11 14:00,주,일,1,0,0,0,0,경기,용인시,차대차,기타,기타,신호위반,교차로,교차로부근,승용차,자전거,962907,1918925,127.081638,37.2684945
2023,2023-06-11 16:00,주,일,1,0,0,0,0,전남,순천시,차대사람,횡단중,횡단중,보행자 보호의무 위반,교차로,교차로내,승용차,보행자,999242,1660539,127.4916994,34.93968135
2023,2023-06-11 20:00,야,일,1,0,0,0,0,충남,서산시,차대사람,횡단중,횡단중,안전운전 의무 불이행,기타,기타,승용차,보행자,917561,1854921,126.5772297,36.6886965
2023,2023-06-11 22:00,야,일,1,0,0,0,0,경기,하남시,차대차,정면충돌,정면충돌,신호위반,교차로,교차로내,승용차,이륜차,972203,1951960,127.1852397,37.56658472
2023,2023-06-12 00:00,야,월,1,0,0,0,0,전남,완도군,차대사람,횡단중,횡단중,기타,단일로,기타단일로,승용차,보행자,930855,1591755,126.7484587,34.31708236
2023,2023-06-12 04:00,야,월,1,0,0,0,0,대전,서구,차대사람,횡단중,횡단중,보행자 보호의무 위반,단일로,기타단일로,이륜차,보행자,988358,1814023,127.3702959,36.3234992
2023,2023-06-12 05:00,야,월,1,2,0,0,2,경기,하남시,차량단독,공작물충돌,공작물충돌,안전운전 의무 불이행,단일로,기타단일로,승용차,없음,973079,1947735,127.195314,37.52852886
2023,2023-06-12 05:00,야,월,1,0,0,0,0,경북,안동시,차량단독,기타,기타,안전운전 의무 불이행,교차로,교차로부근,농기계,없음,1094320,1846987,128.5547636,36.61607918
2023,2023-06-12 10:00,주,월,1,1,1,0,0,서울,중랑구,차대차,추돌,추돌,안전운전 의무 불이행,단일로,터널안,이륜차,승용차,964257,1953544,127.0951874,37.58058766
2023,2023-06-12 11:00,주,월,1,0,0,0,0,경기,용인시,차대차,측면충돌,측면충돌,안전운전 의무 불이행,교차로,교차로내,원동기장치자전거,건설기계,991353,1904796,127.4026354,37.14183326
2023,2023-06-12 13:00,주,월,1,0,0,0,0,서울,성북구,차대사람,보도통행중,보도통행중,기타,교차로,교차로부근,승용차,보행자,957243,1954617,127.0156891,37.5899597
2023,2023-06-13 03:00,야,화,1,0,0,0,0,경북,포항시,차량단독,공작물충돌,공작물충돌,안전운전 의무 불이행,단일로,기타단일로,승용차,없음,1168400,1777134,129.3678029,35.97644812
2023,2023-06-13 05:00,야,화,1,1,1,0,0,서울,금천구,차량단독,공작물충돌,공작물충돌,안전운전 의무 불이행,단일로,기타단일로,승용차,없음,948631,1939607,126.9191944,37.4542315
2023,2023-06-13 10:00,주,화,1,0,0,0,0,광주,북구,차대사람,기타,기타,안전운전 의무 불이행,교차로,교차로부근,화물차,보행자,946390,1694392,126.9107563,35.24351
2023,2023-06-13 15:00,주,화,1,0,0,0,0,부산,기장군,차대사람,횡단중,횡단중,안전운전 의무 불이행,교차로,교차로횡단보도내,화물차,보행자,1157168,1698078,129.227877,35.26584113
2023,2023-06-13 16:00,주,화,1,6,1,5,0,경기,수원시,차대차,추돌,추돌,안전운전 의무 불이행,단일로,기타단일로,화물차,화물차,951886,1922393,126.9571151,37.29924913
2023,2023-06-13 18:00,야,화,1,0,0,0,0,서울,강북구,차대차,측면충돌,측면충돌,안전운전 의무 불이행,교차로,교차로부근,이륜차,승용차,958828,1959693,127.0333561,37.63578298
2023,2023-06-14 07:00,주,수,1,0,0,0,0,부산,북구,차대사람,횡단중,횡단중,신호위반,교차로,교차로횡단보도내,승합차,보행자,1137040,1690443,129.0053942,35.19997708
2023,2023-06-14 08:00,주,수,1,0,0,0,0,전남,순천시,차대차,추돌,추돌,안전운전 의무 불이행,단일로,기타단일로,승용차,화물차,978444,1676306,127.2635393,35.08162885
2023,2023-06-14 10:00,주,수,1,0,0,0,0,부산,동래구,차대사람,횡단중,횡단중,보행자 보호의무 위반,교차로,교차로부근,화물차,보행자,1145347,1690357,129.0966014,35.19803323
2023,2023-06-14 11:00,주,수,1,0,0,0,0,인천,연수구,차대사람,횡단중,횡단중,신호위반,단일로,지하차도(도로)내,승용차,보행자,924462,1932690,126.6466578,37.39023127
2023,2023-06-14 11:00,주,수,1,1,0,1,0,경기,화성시,차대차,추돌,추돌,안전운전 의무 불이행,단일로,기타단일로,화물차,특수차,934317,1913368,126.7596884,37.21682899
2023,2023-06-14 16:00,주,수,1,0,0,0,0,대전,서구,차대사람,기타,기타,기타,단일로,기타단일로,개인형이동장치(PM),보행자,989097,1816145,127.3784994,36.34263858
2023,2023-06-14 20:00,야,수,1,1,0,1,0,충북,음성군,차대사람,기타,기타,신호위반,단일로,기타단일로,승용차,보행자,1009159,1889254,127.6029401,37.00172804
2023,2023-06-14 23:00,야,수,2,2,2,0,0,대구,달성군,차대차,정면충돌,정면충돌,중앙선 침범,단일로,기타단일로,승용차,승합차,1088954,1756561,128.4845011,35.80146992
2023,2023-06-15 00:00,야,목,1,0,0,0,0,경기,파주시,차대사람,기타,기타,안전운전 의무 불이행,단일로,기타단일로,화물차,보행자,932206,1970670,126.7306209,37.73313485
2023,2023-06-15 03:00,야,목,1,0,0,0,0,서울,구로구,차대사람,횡단중,횡단중,신호위반,교차로,교차로부근,승용차,보행자,942297,1944934,126.8471652,37.50187071
2023,2023-06-15 12:00,주,목,1,1,0,1,0,전남,곡성군,차대차,정면충돌,정면충돌,중앙선 침범,단일로,기타단일로,승용차,특수차,970371,1699881,127.1741353,35.294
2023,2023-06-15 15:00,주,목,1,2,1,0,1,충남,공주시,차대차,추돌,추돌,안전운전 의무 불이행,단일로,터널안,화물차,화물차,955730,1834947,127.0055991,36.51118147
2023,2023-06-15 16:00,주,목,1,0,0,0,0,경남,함양군,차대차,기타,기타,안전운전 의무 불이행,교차로,교차로내,승용차,승용차,1023147,1725671,127.7553077,35.52671277
2023,2023-06-15 16:00,주,목,2,2,1,1,0,제주,서귀포시,차대차,정면충돌,정면충돌,중앙선 침범,교차로,교차로내,건설기계,화물차,913203,1475333,126.5680649,33.26585966
2023,2023-06-15 20:00,야,목,1,0,0,0,0,전남,진도군,차대사람,횡단중,횡단중,안전운전 의무 불이행,단일로,기타단일로,승용차,보행자,894488,1610986,126.350873,34.48741614
2023,2023-06-15 21:00,야,목,1,0,0,0,0,서울,마포구,차대사람,횡단중,횡단중,기타,단일로,기타단일로,승용차,보행자,948157,1951792,126.9129759,37.56403063
2023,2023-06-16 05:00,야,금,1,0,0,0,0,제주,제주시,차대사람,횡단중,횡단중,기타,교차로,교차로부근,화물차,보행자,894622,1498250,126.3659139,33.47087169
2023,2023-06-16 06:00,주,금,1,0,0,0,0,광주,광산구,차대차,측면충돌,측면충돌,신호위반,교차로,교차로내,승용차,화물차,939641,1688581,126.8370064,35.19073117
2023,2023-06-16 09:00,주,금,1,0,0,0,0,경기,군포시,차대사람,횡단중,횡단중,안전운전 의무 불이행,교차로,교차로내,승용차,보행자,949695,1928821,126.9319584,37.35707184
2023,2023-06-16 13:00,주,금,1,0,0,0,0,서울,송파구,차대차,측면충돌,측면충돌,안전운전 의무 불이행,교차로,교차로횡단보도내,자전거,건설기계,965566,1947920,127.1102765,37.52994636
2023,2023-06-16 15:00,주,금,1,1,0,1,0,대구,동구,차대차,추돌,추돌,안전운전 의무 불이행,단일로,기타단일로,화물차,화물차,1104251,1769296,128.6554374,35.91476193
2023,2023-06-16 18:00,야,금,1,4,3,1,0,경기,파주시,차대차,정면충돌,정면충돌,중앙선 침범,교차로,교차로부근,승용차,승합차,936460,1976994,126.7783414,37.79043541
2023,2023-06-16 20:00,야,금,1,0,0,0,0,충북,청주시,차량단독,공작물충돌,공작물충돌,안전운전 의무 불이행,단일로,교량위,승용차,없음,1016566,1843822,127.6852002,36.59207121
2023,2023-06-16 23:00,야,금,1,0,0,0,0,강원,강릉시,차량단독,공작물충돌,공작물충돌,안전운전 의무 불이행,기타,기타,승용차,없음,1119961,1974071,128.8618523,37.7584306
2023,2023-06-17 07:00,주,토,1,0,0,0,0,충남,금산군,차량단독,기타,기타,안전운전 의무 불이행,단일로,기타단일로,화물차,없음,1002636,1794940,127.5293036,36.15152156
2023,2023-06-17 13:00,주,토,1,0,0,0,0,부산,영도구,차대사람,기타,기타,안전운전 의무 불이행,단일로,기타단일로,화물차,보행자,1140670,1678406,129.0432073,35.09097404
2023,2023-06-17 20:00,야,토,1,0,0,0,0,경북,군위군,차대사람,기타,기타,안전운전 의무 불이행,단일로,기타단일로,화물차,보행자,1119110,1800213,128.8247486,36.19173349
2023,2023-06-18 00:00,야,일,1,2,2,0,0,경기,과천시,차대차,정면충돌,정면충돌,중앙선 침범,단일로,지하차도(도로)내,승용차,승용차,955198,1939126,126.9934708,37.45023763
2023,2023-06-18 01:00,야,일,1,4,2,2,0,전남,해남군,차대차,추돌,추돌,기타,단일로,기타단일로,승용차,화물차,891316,1622114,126.3149121,34.58741865
2023,2023-06-18 04:00,야,일,1,1,1,0,0,부산,부산진구,차대차,정면충돌,정면충돌,신호위반,교차로,교차로내,이륜차,승용차,1142716,1687020,129.0671325,35.1683318
2023,2023-06-18 04:00,야,일,1,0,0,0,0,전북,익산시,차대사람,횡단중,횡단중,안전운전 의무 불이행,교차로,교차로횡단보도내,화물차,보행자,949098,1772767,126.93558,35.95028923
2023,2023-06-18 13:00,주,일,1,1,0,1,0,경기,용인시,차대차,추돌,추돌,안전운전 의무 불이행,단일로,기타단일로,이륜차,승용차,976892,1914554,127.2395048,37.22954681
2023,2023-06-18 13:00,주,일,1,0,0,0,0,충북,옥천군,차량단독,도로이탈,도로이탈 추락,안전운전 의무 불이행,단일로,기타단일로,농기계,없음,1019160,1815065,127.7134878,36.332773
2023,2023-06-18 13:00,주,일,1,0,0,0,0,충남,태안군,차대차,추돌,추돌,안전운전 의무 불이행,단일로,기타단일로,이륜차,승용차,890626,1862845,126.2746569,36.75739596
2023,2023-06-18 17:00,주,일,1,0,0,0,0,대전,서구,차대사람,기타,기타,안전운전 의무 불이행,단일로,기타단일로,승용차,보행자,988691,1813271,127.3740167,36.31672356
2023,2023-06-19 06:00,주,월,1,0,0,0,0,강원,춘천시,차대차,정면충돌,정면충돌,중앙선 침범,교차로,교차로내,승용차,자전거,1007701,1981276,127.5875132,37.83120752
2023,2023-06-19 09:00,주,월,1,0,0,0,0,강원,춘천시,차량단독,전복,전복,안전운전 의무 불이행,단일로,기타단일로,승용차,없음,1016948,1984340,127.6926663,37.85869866
2023,2023-06-19 11:00,주,월,1,0,0,0,0,충북,옥천군,차대차,추돌,추돌,안전운전 의무 불이행,단일로,기타단일로,승용차,화물차,1015372,1809157,127.6711643,36.27957771
2023,2023-06-19 23:00,야,월,1,0,0,0,0,충남,천안시,차대사람,차도통행중,차도통행중,안전운전 의무 불이행,기타,기타,승용차,보행자,970051,1869770,127.1641696,36.82565873
2023,2023-06-20 06:00,주,화,1,0,0,0,0,전북,장수군,차량단독,전도,전도,안전운전 의무 불이행,교차로,교차로부근,사륜오토바이(ATV),없음,991371,1733139,127.4047435,35.59428133
2023,2023-06-20 09:00,주,화,1,0,0,0,0,서울,은평구,차대사람,횡단중,횡단중,안전운전 의무 불이행,교차로,교차로내,화물차,보행자,947561,1953597,126.9060985,37.58026547
2023,2023-06-20 10:00,주,화,1,0,0,0,0,부산,북구,차량단독,기타,기타,안전운전 의무 불이행,단일로,기타단일로,자전거,없음,1140370,1692188,129.0422603,35.21524602
2023,2023-06-20 11:00,주,화,1,0,0,0,0,전북,군산시,차대차,측면충돌,측면충돌,신호위반,교차로,교차로내,자전거,건설기계,931252,1776196,126.7374135,35.98010873
2023,2023-06-20 14:00,주,화,1,1,0,1,0,강원,춘천시,차량단독,기타,기타,안전운전 의무 불이행,단일로,기타단일로,승합차,없음,1024923,1993018,127.7836259,37.93672978
2023,2023-06-20 18:00,야,화,1,0,0,0,0,경기,양평군,차량단독,기타,기타,안전운전 의무 불이행,단일로,기타단일로,이륜차,없음,994424,1946078,127.4369042,37.51396944
2023,2023-06-20 20:00,야,화,1,0,0,0,0,제주,서귀포시,차대차,기타,기타,보행자 보호의무 위반,교차로,교차로횡단보도내,승용차,승용차,917789,1474704,126.6173564,33.26054606
2023,2023-06-20 21:00,야,화,1,0,0,0,0,경기,남양주시,차대사람,횡단중,횡단중,안전운전 의무 불이행,교차로,교차로횡단보도내,승합차,보행자,972457,1958355,127.1878752,37.62423296
2023,2023-06-20 23:00,야,화,1,0,0,0,0,충북,보은군,차량단독,공작물충돌,공작물충돌,안전운전 의무 불이행,교차로,교차로내,화물차,없음,1021880,1833365,127.744311,36.49769383
2023,2023-06-21 02:00,야,수,1,0,0,0,0,서울,양천구,차량단독,기타,기타,안전운전 의무 불이행,단일로,기타단일로,이륜차,없음,943786,1949015,126.8636981,37.53874498
2023,2023-06-21 04:00,야,수,1,3,0,3,0,경기,시흥시,차대차,추돌,추돌,안전운전 의무 불이행,단일로,기타단일로,승용차,화물차,933388,1932124,126.747536,37.38581453
2023,2023-06-21 08:00,주,수,1,0,0,0,0,전남,고흥군,차량단독,기타,기타,안전운전 의무 불이행,단일로,기타단일로,농기계,없음,978653,1633424,127.2669264,34.69494347
2023,2023-06-21 12:00,주,수,1,0,0,0,0,부산,연제구,차대차,측면충돌,측면충돌,교차로 통행방법 위반,교차로,교차로내,승용차,이륜차,1143301,1689259,129.0739432,35.18843035
2023,2023-06-21 13:00,주,수,1,0,0,0,0,경기,광주시,차대차,기타,기타,안전운전 의무 불이행,기타,기타,화물차,자전거,982006,1935736,127.2966404,37.42059153
2023,2023-06-21 16:00,주,수,1,1,0,1,0,경북,경주시,차대차,추돌,추돌,안전거리 미확보,교차로,교차로부근,화물차,화물차,1154125,1750568,129.2044042,35.73939151
2023,2023-06-21 20:00,야,수,1,0,0,0,0,인천,서구,차대차,정면충돌,정면충돌,안전운전 의무 불이행,단일로,기타단일로,화물차,자전거,927498,1947198,126.6795245,37.52123162
2023,2023-06-21 23:00,야,수,1,1,0,1,0,부산,동래구,차대차,측면충돌,측면충돌,신호위반,교차로,교차로내,원동기장치자전거,승용차,1145512,1689935,129.0983387,35.19420557
2023,2023-06-22 00:00,야,목,1,1,0,1,0,전남,영암군,차대차,추돌,추돌,안전운전 의무 불이행,단일로,기타단일로,승용차,화물차,902964,1642952,126.4395083,34.77646892
2023,2023-06-22 12:00,주,목,1,0,0,0,0,경기,안양시,차대사람,기타,기타,안전운전 의무 불이행,교차로,교차로내,화물차,보행자,947225,1937381,126.9034575,37.43408878
2023,2023-06-22 18:00,야,목,1,0,0,0,0,경남,진주시,차량단독,기타,기타,안전운전 의무 불이행,단일로,기타단일로,승용차,없음,1071685,1684377,128.2870253,35.15208158
2023,2023-06-22 19:00,야,목,1,0,0,0,0,전북,무주군,차량단독,공작물충돌,공작물충돌,안전운전 의무 불이행,단일로,지하차도(도로)내,승용차,없음,1015765,1780315,127.6749617,36.01954123
2023,2023-06-22 22:00,야,목,1,0,0,0,0,서울,동대문구,차대차,정면충돌,정면충돌,안전운전 의무 불이행,교차로,교차로내,승용차,이륜차,960345,1954764,127.0508166,37.59142359
2023,2023-06-23 07:00,주,금,1,0,0,0,0,경기,화성시,차대사람,횡단중,횡단중,신호위반,교차로,교차로횡단보도내,건설기계,보행자,966152,1909462,127.1186664,37.18331978
2023,2023-06-23 07:00,주,금,1,0,0,0,0,강원,원주시,차량단독,공작물충돌,공작물충돌,안전운전 의무 불이행,단일로,기타단일로,이륜차,없음,1039256,1928759,127.9432774,37.35704633
2023,2023-06-23 10:00,주,금,1,0,0,0,0,경기,파주시,차량단독,공작물충돌,공작물충돌,안전운전 의무 불이행,단일로,고가도로위,승용차,없음,938773,1973329,126.8049189,37.75756227
2023,2023-06-23 15:00,주,금,1,1,1,0,0,부산,해운대구,차대사람,기타,기타,안전운전 의무 불이행,단일로,기타단일로,승용차,보행자,1149117,1692642,129.1384128,35.21807591
2023,2023-06-23 17:00,주,금,1,1,0,0,1,경기,평택시,차대차,추돌,추돌,안전운전 의무 불이행,기타,기타,화물차,화물차,944439,1892211,126.8753354,37.02678413
2023,2023-06-24 00:00,야,토,1,0,0,0,0,충북,괴산군,차대차,추돌,추돌,안전운전 의무 불이행,단일로,기타단일로,화물차,특수차,1038802,1873962,127.9353146,36.86312531
2023,2023-06-24 12:00,주,토,1,1,0,1,0,부산,해운대구,차대사람,기타,기타,기타,단일로,기타단일로,승용차,보행자,1149745,1686521,129.1441982,35.16281112
2023,2023-06-24 12:00,주,토,1,0,0,0,0,강원,강릉시,차대차,기타,기타,안전운전 의무 불이행,교차로,교차로부근,건설기계,자전거,1123346,1975495,128.900512,37.77081136
2023,2023-06-24 17:00,주,토,1,0,0,0,0,강원,원주시,차대차,정면충돌,정면충돌,중앙선 침범,단일로,기타단일로,승용차,자전거,1051905,1916748,128.0852639,37.24816376
2023,2023-06-24 17:00,주,토,1,4,0,4,0,경남,밀양시,차대차,추돌,추돌,교차로 통행방법 위반,교차로,교차로내,화물차,승합차,1117251,1710694,128.7909596,35.38504131
2023,2023-06-25 06:00,주,일,3,0,0,0,0,경북,경주시,차량단독,공작물충돌,공작물충돌,안전운전 의무 불이행,단일로,기타단일로,승용차,없음,1159985,1762348,129.2715357,35.84461685
2023,2023-06-25 12:00,주,일,1,0,0,0,0,전남,보성군,차대사람,횡단중,횡단중,안전운전 의무 불이행,교차로,교차로내,승용차,보행자,962127,1630926,127.0866054,34.67193867
2023,2023-06-25 13:00,주,일,1,0,0,0,0,충북,제천시,차대사람,횡단중,횡단중,안전운전 의무 불이행,단일로,기타단일로,건설기계,보행자,1064638,1904376,128.2277565,37.13585325
2023,2023-06-25 14:00,주,일,1,0,0,0,0,전남,곡성군,차대차,추돌,추돌,안전거리 미확보,단일로,기타단일로,승용차,이륜차,981021,1697985,127.2913088,35.2771627
2023,2023-06-25 21:00,야,일,1,2,2,0,0,전북,완주군,차대차,정면충돌,정면충돌,중앙선 침범,단일로,기타단일로,화물차,승용차,978438,1784016,127.260602,36.05279764
2023,2023-06-26 07:00,주,월,1,0,0,0,0,전남,담양군,차량단독,공작물충돌,공작물충돌,안전운전 의무 불이행,단일로,기타단일로,승용차,없음,949050,1701201,126.9395692,35.30504284
2023,2023-06-26 09:00,주,월,1,1,0,1,0,대구,동구,차대사람,횡단중,횡단중,신호위반,교차로,교차로횡단보도내,승용차,보행자,1107460,1764811,128.6903913,35.87398598
2023,2023-06-26 10:00,주,월,1,0,0,0,0,경남,함양군,차대사람,횡단중,횡단중,보행자 보호의무 위반,단일로,기타단일로,화물차,보행자,1020874,1725027,127.7302205,35.52095655
2023,2023-06-27 08:00,주,화,1,0,0,0,0,강원,삼척시,차대사람,횡단중,횡단중,보행자 보호의무 위반,교차로,교차로내,화물차,보행자,1137020,1916421,129.0447134,37.23658645
2023,2023-06-27 09:00,주,화,1,0,0,0,0,경기,평택시,차량단독,기타,기타,안전운전 의무 불이행,단일로,기타단일로,이륜차,없음,943678,1885892,126.8672522,36.96978007
2023,2023-06-27 13:00,주,화,1,4,1,3,0,경기,오산시,차대사람,차도통행중,차도통행중,신호위반,교차로,교차로횡단보도내,승용차,보행자,961840,1905659,127.0702825,37.14887353
2023,2023-06-27 18:00,야,화,1,1,0,1,0,전남,장성군,차대차,기타,기타,안전거리 미확보,단일로,기타단일로,승용차,승용차,937443,1694882,126.8123857,35.24740934
2023,2023-06-27 19:00,야,화,1,2,0,2,0,울산,중구,차대차,측면충돌,측면충돌,신호위반,단일로,기타단일로,이륜차,승용차,1161557,1731094,129.2826519,35.56269802
2023,2023-06-27 20:00,야,화,1,0,0,0,0,경남,진주시,차대사람,횡단중,횡단중,안전운전 의무 불이행,단일로,기타단일로,승용차,보행자,1053382,1688317,128.0863437,35.18874605
2023,2023-06-28 00:00,야,수,1,0,0,0,0,서울,도봉구,차대사람,차도통행중,차도통행중,기타,교차로,교차로횡단보도내,승용차,보행자,959882,1964305,127.0450482,37.67739823
2023,2023-06-28 03:00,야,수,1,0,0,0,0,대전,서구,차대차,측면충돌,측면충돌,기타,기타,기타,자전거,승용차,989251,1814437,127.3802391,36.32724197
2023,2023-06-28 10:00,주,수,1,0,0,0,0,전북,남원시,차량단독,기타,기타,안전운전 의무 불이행,단일로,기타단일로,승용차,없음,987826,1724533,127.3657394,35.51664729
2023,2023-06-28 16:00,주,수,1,0,0,0,0,충북,증평군,차량단독,전도,전도,안전운전 의무 불이행,단일로,기타단일로,개인형이동장치(PM),없음,1009928,1865333,127.6112696,36.78608261
2023,2023-06-28 20:00,야,수,1,0,0,0,0,대구,수성구,차대차,기타,기타,안전운전 의무 불이행,단일로,기타단일로,승용차,승용차,1103200,1759627,128.6425389,35.82771382