발생년,발생년월일시,주야,요일,사망자수,부상자수,중상자수,경상자수,부상신고자수,발생지시도,발생지시군구,사고유형_대분류,사고유형_중분류,사고유형,가해자법규위반,도로형태_대분류,도로형태,가해자_당사자종별,피해자_당사자종별,발생위치X,발생위치Y,경도,위도
2023,2023-06-28 21:00,야,수,1,0,0,0,0,전남,영암군,차대사람,횡단중,횡단중,안전운전 의무 불이행,교차로,교차로내,승용차,보행자,925763,1654558,126.6876224,34.88303324
2023,2023-06-28 23:00,야,수,1,5,2,3,0,서울,중랑구,차대차,정면충돌,정면충돌,중앙선 침범,교차로,교차로부근,이륜차,승용차,962613,1957439,127.0763695,37.61562903
2023,2023-06-29 00:00,야,목,1,0,0,0,0,경기,김포시,차대사람,기타,기타,안전운전 의무 불이행,교차로,교차로횡단보도내,승용차,보행자,922651,1962266,126.6230867,37.65663782
2023,2023-06-29 04:00,야,목,1,1,1,0,0,충북,보은군,차대차,추돌,추돌,안전운전 의무 불이행,단일로,기타단일로,화물차,농기계,1020942,1831707,127.7337925,36.48276774
2023,2023-06-29 05:00,야,목,1,1,1,0,0,서울,중랑구,차대사람,횡단중,횡단중,신호위반,교차로,교차로내,승용차,보행자,962891,1953600,127.0797141,37.58103834
2023,2023-06-29 12:00,주,목,1,7,1,5,1,경남,함양군,차대차,기타,기타,중앙선 침범,단일로,기타단일로,승용차,승합차,1027882,1738859,127.8079884,35.64549967
2023,2023-06-29 13:00,주,목,1,1,0,1,0,충북,충주시,차대차,측면충돌,측면충돌,안전거리 미확보,단일로,터널안,화물차,승용차,1043119,1902441,127.9853735,37.11965118
2023,2023-06-29 15:00,주,목,1,1,1,0,0,전남,강진군,차량단독,도로이탈,도로이탈 기타,안전운전 의무 불이행,단일로,기타단일로,승용차,없음,932462,1629434,126.762941,34.65695705
2023,2023-06-29 16:00,주,목,1,7,2,5,0,경기,수원시,차대차,추돌,추돌,안전거리 미확보,단일로,지하차도(도로)내,승용차,화물차,957822,1918144,127.0243316,37.26123823
2023,2023-06-29 20:00,야,목,1,0,0,0,0,충남,천안시,차량단독,기타,기타,안전운전 의무 불이행,기타,기타,개인형이동장치(PM),없음,967645,1864346,127.1374212,36.77668455
2023,2023-06-30 11:00,주,금,1,0,0,0,0,전북,완주군,차량단독,공작물충돌,공작물충돌,안전운전 의무 불이행,단일로,기타단일로,승용차,없음,972807,1766391,127.1986875,35.89375197
2023,2023-06-30 12:00,주,금,1,0,0,0,0,경기,파주시,차량단독,공작물충돌,공작물충돌,안전운전 의무 불이행,단일로,기타단일로,승용차,없음,938126,1987573,126.7963566,37.88589268
2023,2023-06-30 15:00,주,금,1,0,0,0,0,서울,서대문구,차량단독,공작물충돌,공작물충돌,안전운전 의무 불이행,교차로,교차로내,이륜차,없음,950341,1954602,126.937514,37.58947784
2023,2023-06-30 15:00,주,금,1,0,0,0,0,충북,보은군,차대차,추돌,추돌,안전운전 의무 불이행,교차로,교차로부근,승용차,자전거,1019755,1832421,127.7205594,36.48922978
2023,2023-06-30 17:00,주,금,1,0,0,0,0,서울,마포구,차대차,측면충돌,측면충돌,기타,단일로,교량위,자전거,승용차,949538,1949459,126.9287729,37.54307969
2023,2023-06-30 19:00,야,금,1,0,0,0,0,대구,달성군,차대차,기타,기타,안전운전 의무 불이행,교차로,교차로부근,승용차,이륜차,1087737,1755290,128.4708943,35.79012145
2023,2023-07-01 00:00,야,토,1,0,0,0,0,부산,부산진구,차량단독,기타,기타,안전운전 의무 불이행,기타,기타,개인형이동장치(PM),없음,1142521,1685877,129.0647946,35.15805667
2023,2023-07-01 08:00,주,토,1,0,0,0,0,서울,관악구,차대차,추돌,추돌,안전운전 의무 불이행,교차로,교차로부근,건설기계,이륜차,951575,1942595,126.952283,37.48132214
2023,2023-07-01 08:00,주,토,1,0,0,0,0,경남,창원시(통합),차대사람,횡단중,횡단중,기타,교차로,교차로내,화물차,보행자,1094624,1696125,128.5401887,35.2561
2023,2023-07-01 10:00,주,토,1,1,0,1,0,충남,당진시,차량단독,공작물충돌,공작물충돌,안전운전 의무 불이행,단일로,기타단일로,승용차,없음,920238,1869654,126.6056507,36.82172382
2023,2023-07-01 16:00,주,토,1,2,2,0,0,경북,영천시,차대차,정면충돌,정면충돌,중앙선 침범,단일로,기타단일로,승용차,승용차,1126822,1776859,128.9067433,35.98026207
2023,2023-07-01 20:00,야,토,1,0,0,0,0,경북,영천시,차대사람,횡단중,횡단중,기타,단일로,기타단일로,승용차,보행자,1123604,1771753,128.8702624,35.93465271
2023,2023-07-02 07:00,주,일,1,0,0,0,0,대전,유성구,차량단독,전도,전도,안전운전 의무 불이행,단일로,기타단일로,농기계,없음,987737,1827832,127.3631593,36.44798427
2023,2023-07-02 18:00,야,일,1,0,0,0,0,충남,예산군,차량단독,도로이탈,도로이탈 추락,안전운전 의무 불이행,교차로,교차로부근,이륜차,없음,930025,1861788,126.7161023,36.75159515
2023,2023-07-02 18:00,야,일,1,0,0,0,0,제주,서귀포시,차량단독,공작물충돌,공작물충돌,안전운전 의무 불이행,교차로,교차로내,승용차,없음,912398,1477615,126.5592019,33.28637538
2023,2023-07-02 20:00,야,일,1,0,0,0,0,전남,강진군,차대사람,횡단중,횡단중,안전운전 의무 불이행,교차로,교차로부근,화물차,보행자,935839,1610032,126.8012577,34.48221854
2023,2023-07-03 05:00,야,월,1,0,0,0,0,전남,보성군,차대차,측면충돌,측면충돌,안전운전 의무 불이행,단일로,기타단일로,이륜차,화물차,984249,1651576,127.3276851,34.85873488
2023,2023-07-03 07:00,주,월,1,0,0,0,0,경기,광주시,차량단독,공작물충돌,공작물충돌,안전운전 의무 불이행,단일로,기타단일로,승용차,없음,975585,1928630,127.2243086,37.35639284
2023,2023-07-03 08:00,주,월,1,0,0,0,0,전북,남원시,차대사람,횡단중,횡단중,보행자 보호의무 위반,교차로,교차로횡단보도내,화물차,보행자,989801,1712629,127.3876699,35.40933438
2023,2023-07-03 12:00,주,월,2,2,0,2,0,전남,여수시,차량단독,전도,전도,안전운전 의무 불이행,단일로,기타단일로,농기계,없음,1025669,1621738,127.7799078,34.58946132
2023,2023-07-03 14:00,주,월,1,0,0,0,0,울산,울주군,차대차,기타,기타,안전운전 의무 불이행,교차로,교차로내,화물차,승용차,1166556,1720745,129.3356618,35.46860447
2023,2023-07-03 22:00,야,월,1,0,0,0,0,충남,당진시,차대차,추돌,추돌,기타,단일로,기타단일로,승용차,개인형이동장치(PM),924542,1885427,126.6523346,36.96424858
2023,2023-07-04 00:00,야,화,1,5,1,4,0,충북,청주시,차대차,측면충돌,측면충돌,신호위반,교차로,교차로내,승용차,승합차,992386,1856723,127.4147508,36.70848658
2023,2023-07-04 00:00,야,화,1,0,0,0,0,울산,북구,차대사람,횡단중,횡단중,기타,단일로,기타단일로,승용차,보행자,1169572,1731006,129.3710314,35.5605651
2023,2023-07-04 05:00,야,화,1,1,1,0,0,인천,남동구,차대사람,횡단중,횡단중,신호위반,교차로,교차로부근,승합차,보행자,930753,1936521,126.7173609,37.42525142
2023,2023-07-04 07:00,주,화,1,1,1,0,0,충남,서산시,차대차,측면충돌,측면충돌,안전운전 의무 불이행,교차로,교차로내,승용차,승용차,905228,1875382,126.4366572,36.87196606
2023,2023-07-04 08:00,주,화,2,0,0,0,0,전북,남원시,차량단독,공작물충돌,공작물충돌,기타,단일로,기타단일로,승용차,없음,989713,1716357,127.3866536,35.44294806
2023,2023-07-04 12:00,주,화,1,0,0,0,0,대구,달서구,차량단독,공작물충돌,공작물충돌,안전운전 의무 불이행,기타,기타,승용차,없음,1092561,1761456,128.5249833,35.84526369
2023,2023-07-04 18:00,야,화,1,0,0,0,0,경기,평택시,차대사람,횡단중,횡단중,신호위반,기타,기타,승용차,보행자,948940,1886907,126.9262965,36.97922961
2023,2023-07-04 19:00,야,화,1,2,0,2,0,충남,홍성군,차대사람,기타,기타,기타,기타,기타,승용차,보행자,925536,1844282,126.6675205,36.59345467
2023,2023-07-04 22:00,야,화,1,0,0,0,0,충북,청주시,차대사람,기타,기타,안전운전 의무 불이행,교차로,교차로내,승용차,보행자,997065,1849446,127.4671665,36.64291098
2023,2023-07-04 23:00,야,화,1,0,0,0,0,강원,평창군,차량단독,공작물충돌,공작물충돌,안전운전 의무 불이행,단일로,기타단일로,화물차,없음,1076845,1951598,128.3700792,37.56053527
2023,2023-07-05 00:00,야,수,1,0,0,0,0,전남,광양시,차대차,기타,기타,안전운전 의무 불이행,단일로,기타단일로,승용차,승용차,1015057,1662731,127.6649236,34.95933606
2023,2023-07-05 01:00,야,수,1,0,0,0,0,경기,안산시,차대차,추돌,추돌,안전운전 의무 불이행,단일로,기타단일로,이륜차,화물차,939068,1927144,126.812104,37.34131953
2023,2023-07-05 14:00,주,수,1,0,0,0,0,경기,용인시,차대사람,보도통행중,보도통행중,신호위반,교차로,교차로내,승합차,보행자,965146,1916849,127.1069878,37.24986835
2023,2023-07-05 20:00,야,수,1,1,0,1,0,대구,남구,차대차,기타,기타,신호위반,기타,기타,이륜차,이륜차,1096140,1760814,128.5645323,35.83913175
2023,2023-07-06 00:00,야,목,1,0,0,0,0,경기,고양시,차량단독,기타,기타,안전운전 의무 불이행,단일로,기타단일로,승용차,없음,934928,1963613,126.7621406,37.66973044
2023,2023-07-06 10:00,주,목,1,0,0,0,0,경기,이천시,차대사람,횡단중,횡단중,신호위반,교차로,교차로내,건설기계,보행자,1000694,1921317,127.5078298,37.29079494
2023,2023-07-06 18:00,야,목,1,1,1,0,0,서울,서초구,차대차,기타,기타,기타,단일로,기타단일로,승용차,승용차,956005,1945975,127.002185,37.51200885
2023,2023-07-07 09:00,주,금,1,0,0,0,0,경남,고성군,차대차,측면충돌,측면충돌,기타,단일로,기타단일로,화물차,이륜차,1078039,1666626,128.3551077,34.9915596
2023,2023-07-07 12:00,주,금,1,0,0,0,0,경북,영주시,차량단독,기타,기타,안전운전 의무 불이행,기타,기타,이륜차,없음,1092116,1875781,128.5335954,36.87582518
2023,2023-07-07 15:00,주,금,1,5,0,4,1,충남,천안시,차대차,정면충돌,정면충돌,중앙선 침범,단일로,기타단일로,화물차,승합차,968810,1874086,127.1500767,36.86452518
2023,2023-07-07 16:00,주,금,1,0,0,0,0,강원,평창군,차량단독,공작물충돌,공작물충돌,안전운전 의무 불이행,단일로,지하차도(도로)내,사륜오토바이(ATV),없음,1084192,1949035,128.4529615,37.53679432
2023,2023-07-07 16:00,주,금,1,0,0,0,0,경기,남양주시,차대사람,횡단중,횡단중,안전운전 의무 불이행,단일로,고가도로위,승용차,보행자,973182,1970515,127.1956435,37.73385572
2023,2023-07-07 21:00,야,금,1,0,0,0,0,경남,진주시,차대차,측면충돌,측면충돌,신호위반,교차로,교차로내,승용차,이륜차,1052347,1687933,128.0749515,35.18533814
2023,2023-07-07 21:00,야,금,1,0,0,0,0,인천,남동구,차대사람,기타,기타,신호위반,교차로,교차로내,승용차,보행자,932742,1934194,126.7400509,37.40442485
2023,2023-07-07 23:00,야,금,1,0,0,0,0,서울,동작구,차대사람,횡단중,횡단중,안전운전 의무 불이행,단일로,기타단일로,승용차,보행자,954233,1943377,126.9822968,37.4885061
2023,2023-07-08 01:00,야,토,1,0,0,0,0,전남,강진군,차대사람,기타,기타,기타,교차로,교차로부근,승용차,보행자,933037,1627062,126.7694034,34.63560594
2023,2023-07-08 05:00,야,토,1,0,0,0,0,경기,양주시,차량단독,공작물충돌,공작물충돌,안전운전 의무 불이행,교차로,교차로부근,이륜차,없음,961954,1980947,127.0676729,37.82748126
2023,2023-07-08 06:00,주,토,1,0,0,0,0,경기,군포시,차대사람,차도통행중,차도통행중,안전운전 의무 불이행,단일로,고가도로위,화물차,보행자,951208,1928100,126.9490899,37.35065393
2023,2023-07-08 07:00,주,토,1,0,0,0,0,부산,강서구,차대차,측면충돌,측면충돌,안전거리 미확보,단일로,교량위,이륜차,승용차,1135799,1691009,128.9918592,35.20524774
2023,2023-07-08 11:00,주,토,1,0,0,0,0,대전,서구,차대차,기타,기타,안전거리 미확보,교차로,교차로내,이륜차,승용차,988528,1812521,127.3722119,36.30996005
2023,2023-07-08 14:00,주,토,1,1,0,1,0,강원,평창군,차대차,정면충돌,정면충돌,중앙선 침범,단일로,지하차도(도로)내,이륜차,건설기계,1086482,1962776,128.4805023,37.66041889
2023,2023-07-08 17:00,주,토,1,0,0,0,0,충북,청주시,차량단독,공작물충돌,공작물충돌,안전운전 의무 불이행,단일로,기타단일로,개인형이동장치(PM),없음,989170,1847769,127.3788699,36.62773581
2023,2023-07-08 20:00,야,토,1,0,0,0,0,전북,무주군,차대사람,기타,기타,안전운전 의무 불이행,단일로,지하차도(도로)내,승용차,보행자,1008011,1778701,127.5888908,36.00508421
2023,2023-07-09 00:00,야,일,1,1,1,0,0,서울,강서구,차대차,추돌,추돌,신호위반,교차로,교차로내,이륜차,이륜차,942168,1949887,126.8453159,37.54650423
2023,2023-07-09 01:00,야,일,1,1,0,1,0,서울,강동구,차대차,정면충돌,정면충돌,신호위반,교차로,교차로내,승합차,이륜차,968601,1950654,127.1445089,37.55469743
2023,2023-07-09 01:00,야,일,1,0,0,0,0,경북,칠곡군,차대차,추돌,추돌,안전운전 의무 불이행,단일로,기타단일로,승합차,화물차,1077888,1775116,128.363856,35.9696854
2023,2023-07-09 07:00,주,일,1,0,0,0,0,경기,파주시,차대차,측면충돌,측면충돌,신호위반,교차로,교차로내,이륜차,화물차,937686,1972639,126.7926388,37.75127016
2023,2023-07-09 08:00,주,일,1,0,0,0,0,경기,부천시,차대차,측면충돌,측면충돌,중앙선 침범,교차로,교차로부근,승용차,이륜차,935967,1947042,126.7753708,37.52045249
2023,2023-07-09 12:00,주,일,1,0,0,0,0,충북,청주시,차대차,정면충돌,정면충돌,안전운전 의무 불이행,단일로,기타단일로,이륜차,승용차,1000392,1855257,127.5043882,36.6953012
2023,2023-07-09 21:00,야,일,1,0,0,0,0,경남,남해군,차량단독,공작물충돌,공작물충돌,안전운전 의무 불이행,교차로,교차로내,이륜차,없음,1036411,1650099,127.8982662,34.84488585
2023,2023-07-10 07:00,주,월,1,0,0,0,0,경기,고양시,차대차,정면충돌,정면충돌,안전운전 의무 불이행,교차로,교차로횡단보도내,건설기계,자전거,935980,1960421,126.7743485,37.64103591
2023,2023-07-10 11:00,주,월,1,0,0,0,0,경남,창녕군,차대사람,횡단중,횡단중,안전운전 의무 불이행,교차로,교차로내,승용차,보행자,1089248,1711207,128.4827432,35.39256728
2023,2023-07-10 13:00,주,월,1,0,0,0,0,경북,경주시,차량단독,도로이탈,도로이탈 추락,안전운전 의무 불이행,단일로,지하차도(도로)내,특수차,없음,1173925,1743130,129.4216503,35.66906504
2023,2023-07-10 13:00,주,월,1,0,0,0,0,대전,서구,차량단독,주/정차차량 충돌,주/정차차량 충돌,안전운전 의무 불이행,단일로,기타단일로,승용차,화물차,982784,1803754,127.3084222,36.23083577
2023,2023-07-10 15:00,주,월,1,2,0,0,2,경기,화성시,차대차,기타,기타,안전거리 미확보,단일로,기타단일로,승용차,승합차,964316,1913232,127.0978021,37.21723381
2023,2023-07-10 20:00,야,월,1,0,0,0,0,대전,동구,차대사람,차도통행중,차도통행중,기타,교차로,교차로내,화물차,보행자,994068,1816328,127.4338937,36.34433188
2023,2023-07-11 00:00,야,화,1,0,0,0,0,경기,수원시,차대차,기타,기타,신호위반,교차로,교차로내,승용차,이륜차,957656,1918033,127.0224659,37.26023017
2023,2023-07-11 06:00,주,화,1,0,0,0,0,전남,진도군,차대차,측면충돌,측면충돌,신호위반,교차로,교차로내,화물차,화물차,887492,1610546,126.2747527,34.48270887
2023,2023-07-11 07:00,주,화,1,0,0,0,0,경남,양산시,차대차,기타,기타,안전운전 의무 불이행,교차로,교차로내,승용차,개인형이동장치(PM),1140444,1708120,129.045801,35.35884238
2023,2023-07-11 07:00,주,화,1,0,0,0,0,경남,산청군,차대사람,기타,기타,안전운전 의무 불이행,기타,기타,화물차,보행자,1031850,1727410,127.8513673,35.54215103
2023,2023-07-11 20:00,야,화,1,0,0,0,0,충북,충주시,차대사람,횡단중,횡단중,안전운전 의무 불이행,교차로,교차로부근,승용차,보행자,1039737,1886281,127.9464508,36.97413334
2023,2023-07-11 20:00,야,화,1,0,0,0,0,충북,충주시,차대사람,횡단중,횡단중,신호위반,단일로,기타단일로,승용차,보행자,1037065,1889837,127.916606,37.00629694
2023,2023-07-11 21:00,야,화,1,0,0,0,0,경기,용인시,차대차,추돌,추돌,안전운전 의무 불이행,단일로,기타단일로,화물차,개인형이동장치(PM),964467,1922875,127.0990436,37.30415976
2023,2023-07-12 04:00,야,수,1,0,0,0,0,서울,강서구,차대사람,횡단중,횡단중,기타,교차로,교차로횡단보도내,승용차,보행자,940489,1950877,126.8262297,37.55532015
2023,2023-07-12 07:00,주,수,1,1,0,1,0,전남,나주시,차대차,기타,기타,안전운전 의무 불이행,단일로,기타단일로,승용차,화물차,940683,1673854,126.8495079,35.05800475
2023,2023-07-12 11:00,주,수,1,0,0,0,0,인천,동구,차대사람,기타,기타,안전운전 의무 불이행,단일로,기타단일로,승용차,보행자,923096,1942732,126.630181,37.4806247
2023,2023-07-12 14:00,주,수,1,0,0,0,0,인천,부평구,차대차,기타,기타,안전운전 의무 불이행,단일로,기타단일로,승합차,자전거,932304,1944553,126.734151,37.49775794
2023,2023-07-12 17:00,주,수,1,0,0,0,0,충남,서산시,차대차,측면충돌,측면충돌,안전거리 미확보,단일로,기타단일로,이륜차,승용차,906192,1869153,126.4482409,36.81591946
2023,2023-07-12 18:00,야,수,1,0,0,0,0,전남,순천시,차대사람,보도통행중,보도통행중,보행자 보호의무 위반,교차로,교차로내,승합차,보행자,1002279,1660943,127.5249577,34.94332215
2023,2023-07-12 21:00,야,수,1,0,0,0,0,전북,김제시,차량단독,도로이탈,도로이탈 추락,안전운전 의무 불이행,단일로,지하차도(도로)내,원동기장치자전거,없음,946835,1752550,126.9118362,35.76789863
2023,2023-07-13 09:00,주,목,1,1,0,1,0,충북,보은군,차대차,정면충돌,정면충돌,중앙선 침범,단일로,기타단일로,승용차,승용차,1016712,1838026,127.6867066,36.53981748
2023,2023-07-13 13:00,주,목,1,1,0,1,0,경기,김포시,차대차,기타,기타,신호위반,단일로,기타단일로,화물차,이륜차,923536,1961793,126.6331686,37.65244912
2023,2023-07-13 16:00,주,목,1,0,0,0,0,경기,안양시,차대차,기타,기타,신호위반,교차로,교차로내,이륜차,승용차,952964,1931503,126.9686999,37.38141749
2023,2023-07-13 23:00,야,목,1,0,0,0,0,서울,용산구,차대사람,차도통행중,차도통행중,안전운전 의무 불이행,단일로,기타단일로,화물차,보행자,953104,1948037,126.9692291,37.53045126
2023,2023-07-13 23:00,야,목,1,3,0,3,0,서울,용산구,차대차,추돌,추돌,안전거리 미확보,단일로,교량위,승용차,승용차,951433,1947924,126.9503249,37.52934626
2023,2023-07-14 00:00,야,금,1,0,0,0,0,광주,북구,차대차,기타,기타,안전운전 의무 불이행,교차로,교차로내,화물차,이륜차,945656,1686121,126.903235,35.1688938
2023,2023-07-14 05:00,야,금,1,0,0,0,0,경북,고령군,차대사람,횡단중,횡단중,안전운전 의무 불이행,기타,기타,승용차,보행자,1078956,1750937,128.3733056,35.75162343
2023,2023-07-14 13:00,주,금,1,0,0,0,0,인천,연수구,차대사람,횡단중,횡단중,안전운전 의무 불이행,단일로,기타단일로,승용차,보행자,928647,1936093,126.6936021,37.42123393
2023,2023-07-14 18:00,야,금,1,2,2,0,0,충북,영동군,차량단독,공작물충돌,공작물충돌,안전운전 의무 불이행,단일로,기타단일로,승용차,없음,1022510,1800003,127.7503806,36.19690967
2023,2023-07-14 19:00,야,금,1,1,1,0,0,경기,가평군,차량단독,공작물충돌,공작물충돌,안전운전 의무 불이행,기타,기타,승용차,없음,986174,1980336,127.3429013,37.82266289
2023,2023-07-15 01:00,야,토,1,0,0,0,0,경기,이천시,차대사람,기타,기타,안전운전 의무 불이행,단일로,기타단일로,화물차,보행자,998165,1907151,127.4793323,37.16309988
2023,2023-07-15 10:00,주,토,1,0,0,0,0,전북,남원시,차대사람,횡단중,횡단중,기타,단일로,기타단일로,화물차,보행자,1010597,1712671,127.6167141,35.40970893
2023,2023-07-15 17:00,주,토,1,0,0,0,0,전북,군산시,차대사람,횡단중,횡단중,기타,단일로,기타단일로,승용차,보행자,929125,1776876,126.7137609,35.98608674
2023,2023-07-15 18:00,야,토,1,0,0,0,0,울산,울주군,차대사람,기타,기타,안전운전 의무 불이행,교차로,교차로내,승용차,보행자,1167171,1711524,129.3405446,35.38540032
2023,2023-07-15 20:00,야,토,1,0,0,0,0,강원,속초시,차대사람,횡단중,횡단중,중앙선 침범,교차로,교차로부근,승용차,보행자,1094354,2022609,128.5775804,38.19882373
2023,2023-07-15 21:00,야,토,1,1,0,1,0,경기,광주시,차대차,추돌,추돌,안전운전 의무 불이행,단일로,기타단일로,승용차,승용차,975521,1937215,127.2233016,37.43377396
2023,2023-07-16 04:00,야,일,1,1,1,0,0,경북,포항시,차대사람,횡단중,횡단중,안전운전 의무 불이행,단일로,기타단일로,승용차,보행자,1166380,1781592,129.3463451,36.01696693
2023,2023-07-16 04:00,야,일,1,0,0,0,0,대구,서구,차대사람,차도통행중,차도통행중,안전운전 의무 불이행,교차로,교차로부근,승용차,보행자,1093078,1764442,128.5310561,35.8721326
2023,2023-07-16 05:00,야,일,1,0,0,0,0,부산,동구,차대사람,횡단중,횡단중,안전운전 의무 불이행,교차로,교차로내,승합차,보행자,1140184,1680730,129.038271,35.11199038
2023,2023-07-17 00:00,야,월,1,0,0,0,0,충남,서산시,차대차,추돌,추돌,안전거리 미확보,교차로,교차로부근,이륜차,화물차,909488,1865805,126.4855878,36.78606397
2023,2023-07-17 00:00,야,월,1,0,0,0,0,경남,양산시,차대사람,횡단중,횡단중,안전운전 의무 불이행,교차로,교차로부근,승용차,보행자,1142084,1715105,129.0650618,35.4215694
2023,2023-07-17 03:00,야,월,1,1,0,1,0,경기,용인시,차대차,추돌,추돌,안전운전 의무 불이행,단일로,기타단일로,화물차,화물차,964861,1919398,127.1036538,37.27283385
2023,2023-07-17 03:00,야,월,1,0,0,0,0,광주,서구,차량단독,공작물충돌,공작물충돌,안전운전 의무 불이행,단일로,기타단일로,승용차,없음,943774,1684362,126.8826892,35.15292989
2023,2023-07-17 07:00,주,월,1,0,0,0,0,경남,밀양시,차대차,기타,기타,안전운전 의무 불이행,단일로,기타단일로,자전거,승용차,1118405,1713340,128.8040465,35.40875728
2023,2023-07-17 08:00,주,월,1,0,0,0,0,충남,서산시,차대사람,횡단중,횡단중,안전운전 의무 불이행,기타,기타,승용차,보행자,905807,1870472,126.4437616,36.82776957
2023,2023-07-17 17:00,주,월,1,0,0,0,0,울산,동구,차대차,기타,기타,안전운전 의무 불이행,교차로,교차로부근,승용차,개인형이동장치(PM),1173921,1724211,129.4175358,35.49857728
2023,2023-07-17 20:00,야,월,1,0,0,0,0,경남,창원시(통합),차대차,기타,기타,신호위반,교차로,교차로내,이륜차,승합차,1109718,1691371,128.7054502,35.21170235
2023,2023-07-18 05:00,야,화,1,1,0,1,0,경기,양주시,차대차,추돌,추돌,안전운전 의무 불이행,단일로,고가도로위,화물차,화물차,962923,1983231,127.0785666,37.84810664
2023,2023-07-18 09:00,주,화,1,0,0,0,0,대구,수성구,차대차,측면충돌,측면충돌,교차로 통행방법 위반,교차로,교차로내,승용차,화물차,1102090,1758914,128.630161,35.8214027
2023,2023-07-18 11:00,주,화,1,0,0,0,0,대구,북구,차대차,정면충돌,정면충돌,중앙선 침범,단일로,기타단일로,화물차,화물차,1092464,1766864,128.5245368,35.89402433
2023,2023-07-18 12:00,주,화,1,0,0,0,0,경남,거제시,차량단독,전도,전도,안전운전 의무 불이행,단일로,기타단일로,이륜차,없음,1104224,1652977,128.64028,34.8661439
2023,2023-07-18 15:00,주,화,1,1,0,1,0,충북,충주시,차대사람,차도통행중,차도통행중,기타,단일로,기타단일로,승용차,보행자,1038177,1899143,127.9295769,37.09013765
2023,2023-07-18 19:00,야,화,1,0,0,0,0,경남,창원시(통합),차대사람,차도통행중,차도통행중,안전운전 의무 불이행,단일로,기타단일로,승용차,보행자,1097103,1693248,128.567096,35.22992508
2023,2023-07-18 20:00,야,화,1,0,0,0,0,충남,부여군,차대차,추돌,추돌,안전운전 의무 불이행,단일로,기타단일로,승용차,승용차,934273,1802760,126.7687055,36.21979305
2023,2023-07-18 20:00,야,화,1,0,0,0,0,전북,완주군,차량단독,전도,전도,안전운전 의무 불이행,단일로,기타단일로,이륜차,없음,969479,1773094,127.1615547,35.95408739
2023,2023-07-19 01:00,야,수,1,0,0,0,0,서울,강남구,차대사람,횡단중,횡단중,안전운전 의무 불이행,단일로,기타단일로,승용차,보행자,964671,1943326,127.1003679,37.48850479
2023,2023-07-19 12:00,주,수,1,1,1,0,0,경북,성주군,차대차,기타,기타,안전운전 의무 불이행,교차로,교차로내,화물차,이륜차,1070543,1767045,128.2816831,35.89748249
2023,2023-07-19 15:00,주,수,1,2,2,0,0,경북,포항시,차대차,정면충돌,정면충돌,안전운전 의무 불이행,교차로,교차로내,특수차,승용차,1168027,1806937,129.3700254,36.24506662
2023,2023-07-19 15:00,주,수,1,0,0,0,0,인천,서구,차대차,기타,기타,신호위반,교차로,교차로횡단보도내,개인형이동장치(PM),화물차,930558,1955103,126.7134016,37.59271272
2023,2023-07-20 00:00,야,목,1,1,0,1,0,전남,영암군,차대차,정면충돌,정면충돌,중앙선 침범,단일로,기타단일로,승용차,화물차,925844,1652733,126.6886704,34.86658364
2023,2023-07-20 01:00,야,목,1,0,0,0,0,경기,파주시,차량단독,공작물충돌,공작물충돌,안전운전 의무 불이행,단일로,기타단일로,승용차,없음,927783,1977026,126.6797975,37.790079
2023,2023-07-20 02:00,야,목,1,0,0,0,0,광주,동구,차대차,기타,기타,안전운전 의무 불이행,기타,기타,승용차,원동기장치자전거,948688,1679393,126.9369465,35.10838822
2023,2023-07-20 05:00,야,목,1,0,0,0,0,경북,청도군,차량단독,기타,기타,안전운전 의무 불이행,단일로,기타단일로,자전거,없음,1126687,1743938,128.9000231,35.68354659
2023,2023-07-20 08:00,주,목,1,0,0,0,0,인천,강화군,차대사람,차도통행중,차도통행중,보행자 보호의무 위반,단일로,고가도로위,승용차,보행자,913582,1961534,126.5203703,37.64923188
2023,2023-07-20 09:00,주,목,1,0,0,0,0,경기,여주시,차대사람,기타,기타,안전운전 의무 불이행,단일로,기타단일로,승용차,보행자,1010323,1922370,127.6164795,37.3002296
2023,2023-07-20 09:00,주,목,1,1,0,1,0,충남,홍성군,차대차,측면충돌,측면충돌,중앙선 침범,단일로,기타단일로,화물차,승용차,928659,1846089,126.7022636,36.60998199