발생년,발생년월일시,주야,요일,사망자수,부상자수,중상자수,경상자수,부상신고자수,발생지시도,발생지시군구,사고유형_대분류,사고유형_중분류,사고유형,가해자법규위반,도로형태_대분류,도로형태,가해자_당사자종별,피해자_당사자종별,발생위치X,발생위치Y,경도,위도
2023,2023-09-13 19:00,야,수,1,0,0,0,0,경기,평택시,차대사람,횡단중,횡단중,신호위반,교차로,교차로내,승합차,보행자,960246,1893054,127.0530009,37.03518544
2023,2023-09-13 21:00,야,수,1,0,0,0,0,대구,서구,차대사람,횡단중,횡단중,안전운전 의무 불이행,교차로,교차로횡단보도내,승합차,보행자,1095661,1766236,128.5598799,35.88805579
2023,2023-09-13 22:00,야,수,1,0,0,0,0,경기,시흥시,차대차,추돌,추돌,안전운전 의무 불이행,단일로,교량위,화물차,승용차,940782,1938103,126.8305753,37.44020631
2023,2023-09-14 00:00,야,목,1,0,0,0,0,부산,사상구,차대사람,기타,기타,기타,단일로,기타단일로,화물차,보행자,1135076,1687335,128.9833167,35.17222742
2023,2023-09-14 03:00,야,목,1,0,0,0,0,서울,동작구,차대사람,기타,기타,안전운전 의무 불이행,교차로,교차로횡단보도내,승용차,보행자,948979,1945376,126.922729,37.50624814
2023,2023-09-14 06:00,주,목,1,0,0,0,0,강원,인제군,차대사람,횡단중,횡단중,기타,교차로,교차로횡단보도내,승용차,보행자,1052753,1998785,128.1007452,37.98751512
2023,2023-09-14 08:00,주,목,1,2,2,0,0,경남,양산시,차대차,추돌,추돌,신호위반,단일로,기타단일로,승용차,승용차,1140883,1711155,129.0511548,35.38613669
2023,2023-09-14 09:00,주,목,1,0,0,0,0,제주,제주시,차대차,측면충돌,측면충돌,안전운전 의무 불이행,단일로,기타단일로,승용차,원동기장치자전거,890157,1497166,126.3180026,33.4606475
2023,2023-09-14 09:00,주,목,1,0,0,0,0,대전,대덕구,차대사람,기타,기타,안전운전 의무 불이행,교차로,교차로부근,화물차,보행자,993515,1828440,127.4276299,36.45352205
2023,2023-09-14 12:00,주,목,1,0,0,0,0,전남,함평군,차량단독,공작물충돌,공작물충돌,안전운전 의무 불이행,교차로,교차로부근,화물차,없음,918635,1684715,126.606676,35.15439214
2023,2023-09-15 03:00,야,금,1,0,0,0,0,충북,청주시,차대사람,기타,기타,안전운전 의무 불이행,교차로,교차로내,화물차,보행자,998859,1846834,127.4872397,36.61936767
2023,2023-09-15 03:00,야,금,1,0,0,0,0,대구,남구,차대사람,횡단중,횡단중,기타,교차로,교차로횡단보도내,승용차,보행자,1097790,1761108,128.5828355,35.84161881
2023,2023-09-15 11:00,주,금,1,0,0,0,0,전남,신안군,차량단독,기타,기타,안전운전 의무 불이행,단일로,기타단일로,화물차,없음,896255,1649461,126.365395,34.83449305
2023,2023-09-15 12:00,주,금,1,0,0,0,0,제주,서귀포시,차량단독,공작물충돌,공작물충돌,안전운전 의무 불이행,단일로,기타단일로,화물차,없음,944157,1491334,126.8994064,33.41222578
2023,2023-09-15 13:00,주,금,1,0,0,0,0,충남,서산시,차량단독,기타,기타,안전운전 의무 불이행,단일로,기타단일로,승용차,없음,904237,1855634,126.4280221,36.6938739
2023,2023-09-15 23:00,야,금,1,0,0,0,0,충북,청주시,차대사람,횡단중,횡단중,기타,교차로,교차로부근,이륜차,보행자,997517,1850549,127.4722194,36.65285578
2023,2023-09-16 00:00,야,토,1,0,0,0,0,경기,남양주시,차량단독,기타,기타,안전운전 의무 불이행,단일로,교량위,개인형이동장치(PM),없음,967249,1960976,127.1287402,37.64768587
2023,2023-09-16 14:00,주,토,1,0,0,0,0,서울,영등포구,차대사람,기타,기타,안전운전 의무 불이행,단일로,기타단일로,자전거,보행자,948445,1946175,126.9166314,37.51341999
2023,2023-09-16 16:00,주,토,1,0,0,0,0,대전,동구,차대사람,기타,기타,안전운전 의무 불이행,교차로,교차로횡단보도내,승용차,보행자,994394,1813814,127.4375447,36.32166903
2023,2023-09-16 23:00,야,토,1,0,0,0,0,대전,유성구,차대사람,기타,기타,안전운전 의무 불이행,교차로,교차로부근,승용차,보행자,984012,1811555,127.3219276,36.30118678
2023,2023-09-17 00:00,야,일,1,0,0,0,0,경기,시흥시,차대차,기타,기타,안전운전 의무 불이행,단일로,기타단일로,승용차,건설기계,929905,1926753,126.7087031,37.33714874
2023,2023-09-17 05:00,야,일,3,1,1,0,0,경기,고양시,차대차,기타,기타,중앙선 침범,단일로,기타단일로,승용차,승합차,934686,1963640,126.7593943,37.66995658
2023,2023-09-17 06:00,주,일,1,0,0,0,0,경북,포항시,차대차,측면충돌,측면충돌,기타,교차로,교차로부근,화물차,이륜차,1168013,1783740,129.3649144,36.0360425
2023,2023-09-17 07:00,주,일,1,0,0,0,0,경북,칠곡군,차량단독,공작물충돌,공작물충돌,안전운전 의무 불이행,단일로,기타단일로,화물차,없음,1079970,1777661,128.3872018,35.99245985
2023,2023-09-17 09:00,주,일,1,0,0,0,0,강원,영월군,차량단독,기타,기타,안전운전 의무 불이행,단일로,기타단일로,이륜차,없음,1071625,1906639,128.3066326,37.15574133
2023,2023-09-17 09:00,주,일,1,0,0,0,0,충북,영동군,차량단독,도로이탈,도로이탈 추락,안전운전 의무 불이행,단일로,기타단일로,화물차,없음,1029162,1791677,127.8240614,36.12166848
2023,2023-09-17 16:00,주,일,1,0,0,0,0,경기,성남시,차대차,측면충돌,측면충돌,신호위반,교차로,교차로내,승합차,이륜차,969158,1936816,127.1513952,37.42998729
2023,2023-09-17 16:00,주,일,1,0,0,0,0,충북,청주시,차량단독,공작물충돌,공작물충돌,안전운전 의무 불이행,단일로,기타단일로,농기계,없음,992527,1851286,127.4163825,36.65947368
2023,2023-09-17 17:00,주,일,1,0,0,0,0,전북,익산시,차량단독,공작물충돌,공작물충돌,안전운전 의무 불이행,교차로,교차로부근,승용차,없음,959716,1773374,127.0532818,35.95625769
2023,2023-09-17 18:00,야,일,1,0,0,0,0,대구,군위군,차대사람,횡단중,횡단중,보행자 보호의무 위반,단일로,기타단일로,승용차,보행자,1106432,1798696,128.6835661,36.17953706
2023,2023-09-17 19:00,야,일,1,0,0,0,0,전북,정읍시,차량단독,도로이탈,도로이탈 기타,안전운전 의무 불이행,교차로,교차로부근,화물차,없음,940256,1734277,126.8404144,35.60277467
2023,2023-09-17 23:00,야,일,1,0,0,0,0,서울,마포구,차량단독,기타,기타,안전운전 의무 불이행,단일로,기타단일로,화물차,없음,946882,1950678,126.8986204,37.55391739
2023,2023-09-18 05:00,야,월,1,0,0,0,0,충북,청주시,차대사람,차도통행중,차도통행중,안전운전 의무 불이행,교차로,교차로내,승용차,보행자,997055,1847738,127.4670612,36.62751336
2023,2023-09-18 07:00,주,월,1,1,0,1,0,경기,과천시,차대사람,기타,기타,신호위반,단일로,기타단일로,이륜차,보행자,955037,1936015,126.9918403,37.4221891
2023,2023-09-18 08:00,주,월,1,4,0,4,0,경기,안양시,차대사람,기타,기타,신호위반,기타,기타,승용차,보행자,947304,1936886,126.9043858,37.42963171
2023,2023-09-18 08:00,주,월,1,0,0,0,0,경남,산청군,차량단독,전도,전도,안전운전 의무 불이행,단일로,기타단일로,농기계,없음,1040545,1701447,127.9459954,35.30773716
2023,2023-09-18 09:00,주,월,1,0,0,0,0,경기,안성시,차량단독,전도,전도,안전운전 의무 불이행,단일로,기타단일로,이륜차,없음,986911,1898778,127.3527241,37.08753402
2023,2023-09-18 10:00,주,월,1,0,0,0,0,서울,성북구,차대차,측면충돌,측면충돌,신호위반,교차로,교차로부근,화물차,자전거,959498,1955851,127.0411625,37.60118407
2023,2023-09-18 11:00,주,월,1,0,0,0,0,경남,창원시(통합),차량단독,전도,전도,안전운전 의무 불이행,단일로,기타단일로,이륜차,없음,1097496,1691463,128.5712026,35.21379421
2023,2023-09-18 14:00,주,월,1,0,0,0,0,경남,창원시(통합),차대사람,횡단중,횡단중,안전운전 의무 불이행,교차로,교차로횡단보도내,화물차,보행자,1096239,1693714,128.5576572,35.23420965
2023,2023-09-18 16:00,주,월,1,0,0,0,0,전북,무주군,차대차,측면충돌,측면충돌,안전운전 의무 불이행,단일로,지하차도(도로)내,화물차,이륜차,1015065,1763655,127.666877,35.86934593
2023,2023-09-18 21:00,야,월,1,0,0,0,0,경남,진주시,차대차,추돌,추돌,안전거리 미확보,단일로,기타단일로,특수차,승용차,1072425,1698060,128.296353,35.2753979
2023,2023-09-18 22:00,야,월,1,0,0,0,0,세종,세종시,차대차,추돌,추돌,안전운전 의무 불이행,기타,기타,화물차,화물차,975724,1832054,127.2289769,36.48581726
2023,2023-09-18 23:00,야,월,1,0,0,0,0,경기,포천시,차량단독,전도,전도,안전운전 의무 불이행,단일로,기타단일로,이륜차,없음,972753,1990028,127.1900403,37.90971453
2023,2023-09-19 00:00,야,화,1,0,0,0,0,경북,경주시,차대사람,기타,기타,안전운전 의무 불이행,단일로,기타단일로,승용차,보행자,1155135,1778502,129.2210046,35.99097627
2023,2023-09-19 07:00,주,화,1,0,0,0,0,전남,고흥군,차량단독,도로이탈,도로이탈 추락,안전운전 의무 불이행,단일로,기타단일로,원동기장치자전거,없음,985739,1611132,127.344668,34.49403739
2023,2023-09-19 08:00,주,화,1,0,0,0,0,인천,남동구,차대차,측면충돌,측면충돌,안전거리 미확보,교차로,교차로부근,승용차,이륜차,930912,1939525,126.7188764,37.45233812
2023,2023-09-19 09:00,주,화,1,0,0,0,0,전남,나주시,차량단독,전도,전도,안전운전 의무 불이행,기타,기타,농기계,없음,942946,1664777,126.8749466,34.97628909
2023,2023-09-19 14:00,주,화,1,0,0,0,0,경기,안산시,차량단독,공작물충돌,공작물충돌,안전운전 의무 불이행,기타,기타,개인형이동장치(PM),없음,943189,1922994,126.8589434,37.3041754
2023,2023-09-19 14:00,주,화,1,2,2,0,0,충북,영동군,차대차,기타,기타,기타,단일로,기타단일로,화물차,승용차,1043454,1801658,127.9834286,36.21111603
2023,2023-09-19 15:00,주,화,1,0,0,0,0,전남,보성군,차량단독,공작물충돌,공작물충돌,안전운전 의무 불이행,단일로,기타단일로,화물차,없음,962973,1648855,127.095051,34.83364589
2023,2023-09-19 17:00,주,화,1,1,0,1,0,경북,성주군,차대차,추돌,추돌,안전운전 의무 불이행,단일로,기타단일로,화물차,화물차,1067660,1769365,128.2499366,35.91860168
2023,2023-09-19 19:00,야,화,1,0,0,0,0,충남,홍성군,차대사람,횡단중,횡단중,안전운전 의무 불이행,교차로,교차로부근,승용차,보행자,921392,1835523,126.6220905,36.51416807
2023,2023-09-19 21:00,야,화,1,0,0,0,0,경기,시흥시,차대차,기타,기타,안전운전 의무 불이행,단일로,기타단일로,이륜차,승용차,930308,1928555,126.7130827,37.35342059
2023,2023-09-20 00:00,야,수,1,0,0,0,0,전북,무주군,차대차,정면충돌,정면충돌,기타,단일로,기타단일로,승용차,승용차,1013244,1760460,127.6466525,35.84056571
2023,2023-09-20 06:00,주,수,1,0,0,0,0,경남,남해군,차대차,측면충돌,측면충돌,안전운전 의무 불이행,교차로,교차로내,승용차,승용차,1038062,1658054,127.9166864,34.91655864
2023,2023-09-20 08:00,주,수,1,0,0,0,0,부산,동구,차대사람,횡단중,횡단중,안전운전 의무 불이행,단일로,기타단일로,화물차,보행자,1142124,1683552,129.0600371,35.13715564
2023,2023-09-20 13:00,주,수,1,0,0,0,0,경기,파주시,차량단독,도로이탈,도로이탈 추락,안전운전 의무 불이행,단일로,기타단일로,이륜차,없음,944463,1982599,126.8688004,37.84147289
2023,2023-09-20 14:00,주,수,1,0,0,0,0,충남,천안시,차대사람,기타,기타,안전운전 의무 불이행,단일로,기타단일로,이륜차,보행자,966809,1865859,127.127987,36.79029467
2023,2023-09-20 19:00,야,수,1,0,0,0,0,경기,부천시,차대사람,횡단중,횡단중,안전운전 의무 불이행,교차로,교차로횡단보도내,승합차,보행자,937110,1947004,126.7883079,37.52018865
2023,2023-09-20 19:00,야,수,1,1,1,0,0,전북,남원시,차대사람,횡단중,횡단중,안전운전 의무 불이행,단일로,기타단일로,화물차,보행자,988126,1711297,127.3692412,35.39730541
2023,2023-09-20 19:00,야,수,1,0,0,0,0,경북,영천시,차량단독,공작물충돌,공작물충돌,안전운전 의무 불이행,단일로,기타단일로,승용차,없음,1128654,1775154,128.9267821,35.96465464
2023,2023-09-20 21:00,야,수,1,0,0,0,0,전남,여수시,차대사람,기타,기타,안전운전 의무 불이행,단일로,기타단일로,승용차,보행자,1006506,1653974,127.571194,34.8804604
2023,2023-09-21 05:00,야,목,1,0,0,0,0,충남,천안시,차대사람,횡단중,횡단중,안전운전 의무 불이행,단일로,기타단일로,승용차,보행자,965584,1857105,127.114652,36.71133709
2023,2023-09-21 05:00,야,목,1,5,1,4,0,제주,제주시,차대차,기타,기타,안전운전 의무 불이행,단일로,기타단일로,승용차,승용차,899531,1493960,126.4192166,33.43265606
2023,2023-09-21 15:00,주,목,1,0,0,0,0,대전,대덕구,차대차,측면충돌,측면충돌,안전운전 의무 불이행,단일로,기타단일로,자전거,승용차,993792,1819258,127.4307945,36.37074525
2023,2023-09-21 23:00,야,목,1,0,0,0,0,경기,화성시,차량단독,공작물충돌,공작물충돌,안전운전 의무 불이행,단일로,기타단일로,승용차,없음,938260,1905998,126.804736,37.15066904
2023,2023-09-22 09:00,주,금,1,1,0,1,0,전북,정읍시,차량단독,공작물충돌,공작물충돌,안전운전 의무 불이행,단일로,기타단일로,승용차,없음,938924,1727836,126.8261962,35.5446215
2023,2023-09-22 09:00,주,금,1,0,0,0,0,대구,수성구,차대차,측면충돌,측면충돌,안전운전 의무 불이행,단일로,기타단일로,화물차,자전거,1100915,1763367,128.6177188,35.86166569
2023,2023-09-22 15:00,주,금,1,0,0,0,0,대구,달서구,차대차,정면충돌,정면충돌,안전운전 의무 불이행,교차로,교차로횡단보도내,건설기계,이륜차,1093670,1761282,128.5372417,35.84358977
2023,2023-09-22 15:00,주,금,1,0,0,0,0,인천,남동구,차대사람,횡단중,횡단중,안전운전 의무 불이행,교차로,교차로내,승용차,보행자,932306,1934322,126.7351132,37.40554675
2023,2023-09-22 17:00,주,금,1,0,0,0,0,경기,부천시,차대사람,횡단중,횡단중,보행자 보호의무 위반,교차로,교차로횡단보도내,승용차,보행자,935215,1946116,126.7669431,37.51205403
2023,2023-09-22 18:00,야,금,1,1,0,1,0,전남,순천시,차대차,측면충돌,측면충돌,신호위반,교차로,교차로내,승용차,원동기장치자전거,1002707,1662523,127.5296499,34.95756877
2023,2023-09-22 19:00,야,금,1,4,1,3,0,경기,안성시,차대차,추돌,추돌,안전운전 의무 불이행,단일로,기타단일로,화물차,승합차,971459,1890460,127.1791775,37.01221045
2023,2023-09-22 21:00,야,금,1,1,0,1,0,부산,기장군,차량단독,공작물충돌,공작물충돌,안전운전 의무 불이행,교차로,교차로부근,승용차,없음,1150684,1707381,129.158331,35.35068779
2023,2023-09-22 23:00,야,금,1,2,0,2,0,경기,안성시,차대차,측면충돌,측면충돌,신호위반,교차로,교차로내,이륜차,승용차,975649,1890526,127.2262736,37.01292337
2023,2023-09-23 00:00,야,토,1,0,0,0,0,경북,경주시,차대차,추돌,추돌,안전운전 의무 불이행,단일로,기타단일로,승합차,개인형이동장치(PM),1151368,1766816,129.1770045,35.88625233
2023,2023-09-23 01:00,야,토,1,0,0,0,0,경기,용인시,차량단독,기타,기타,안전운전 의무 불이행,단일로,터널안,승용차,없음,966133,1913686,127.1182607,37.22139389
2023,2023-09-23 04:00,야,토,1,1,0,1,0,경기,안산시,차대차,기타,기타,안전운전 의무 불이행,단일로,기타단일로,승용차,승합차,935321,1926489,126.7698622,37.33516237
2023,2023-09-23 08:00,주,토,1,0,0,0,0,대전,대덕구,차대사람,횡단중,횡단중,안전운전 의무 불이행,교차로,교차로내,화물차,보행자,993305,1827301,127.4252962,36.44325222
2023,2023-09-23 10:00,주,토,1,1,1,0,0,경기,수원시,차대사람,차도통행중,차도통행중,안전운전 의무 불이행,단일로,기타단일로,승용차,보행자,958105,1920540,127.0273881,37.28284785
2023,2023-09-23 10:00,주,토,1,28,10,18,0,인천,남동구,차대차,추돌,추돌,안전운전 의무 불이행,단일로,터널안,승합차,건설기계,928200,1932252,126.688924,37.38658078
2023,2023-09-23 12:00,주,토,1,0,0,0,0,충남,당진시,차대차,측면충돌,측면충돌,교차로 통행방법 위반,교차로,교차로내,승용차,이륜차,935412,1867771,126.7759387,36.80590842
2023,2023-09-23 14:00,주,토,1,0,0,0,0,경북,포항시,차량단독,공작물충돌,공작물충돌,안전운전 의무 불이행,단일로,기타단일로,이륜차,없음,1178547,1778428,129.4805808,35.98630343
2023,2023-09-23 19:00,야,토,1,0,0,0,0,서울,강남구,차대사람,차도통행중,차도통행중,안전운전 의무 불이행,기타,기타,승용차,보행자,959007,1945887,127.0361573,37.51135395
2023,2023-09-24 00:00,야,일,1,0,0,0,0,충북,괴산군,차량단독,공작물충돌,공작물충돌,안전운전 의무 불이행,단일로,기타단일로,이륜차,없음,1011452,1862973,127.6283146,36.7647906
2023,2023-09-24 00:00,야,일,1,2,0,2,0,대구,달성군,차대차,후진중충돌,후진중충돌,기타,단일로,기타단일로,승용차,승용차,1084794,1745747,128.4373219,35.70434877
2023,2023-09-24 00:00,야,일,1,0,0,0,0,경남,통영시,차대사람,횡단중,횡단중,보행자 보호의무 위반,교차로,교차로횡단보도내,승용차,보행자,1083982,1648833,128.418432,34.83065452
2023,2023-09-24 05:00,야,일,1,2,0,2,0,부산,강서구,차대차,추돌,추돌,안전거리 미확보,단일로,기타단일로,승용차,화물차,1134216,1690970,128.9744675,35.20510918
2023,2023-09-24 05:00,야,일,1,0,0,0,0,경기,수원시,차대사람,횡단중,횡단중,신호위반,교차로,교차로내,승용차,보행자,958757,1919957,127.0347754,37.277622
2023,2023-09-24 11:00,주,일,1,0,0,0,0,충남,서산시,차대차,정면충돌,정면충돌,교차로 통행방법 위반,교차로,교차로내,승용차,이륜차,904511,1862877,126.4301835,36.75918459
2023,2023-09-24 14:00,주,일,1,0,0,0,0,경기,포천시,차량단독,공작물충돌,공작물충돌,안전운전 의무 불이행,단일로,기타단일로,승용차,없음,966801,1975364,127.1230054,37.77735092
2023,2023-09-24 17:00,주,일,1,2,1,1,0,경남,진주시,차대차,정면충돌,정면충돌,중앙선 침범,단일로,기타단일로,화물차,승용차,1066318,1689056,128.228482,35.19463797
2023,2023-09-24 20:00,야,일,1,0,0,0,0,경기,포천시,차대사람,횡단중,횡단중,기타,단일로,기타단일로,승용차,보행자,968954,1980727,127.1472237,37.82576351
2023,2023-09-24 22:00,야,일,1,3,0,2,1,서울,서초구,차대차,정면충돌,정면충돌,중앙선 침범,단일로,기타단일로,승용차,승합차,959628,1940771,127.0434645,37.46526879
2023,2023-09-25 08:00,주,월,1,3,0,0,3,경기,평택시,차대차,추돌,추돌,안전운전 의무 불이행,단일로,기타단일로,화물차,화물차,952743,1889971,126.9688327,37.00704746
2023,2023-09-25 12:00,주,월,1,0,0,0,0,경기,여주시,차대차,기타,기타,기타,단일로,기타단일로,건설기계,건설기계,997614,1934380,127.4730389,37.40854065
2023,2023-09-25 13:00,주,월,1,0,0,0,0,전북,남원시,차대사람,차도통행중,차도통행중,안전운전 의무 불이행,교차로,교차로내,승용차,보행자,989643,1712596,127.3859302,35.40903519
2023,2023-09-25 14:00,주,월,1,0,0,0,0,경북,포항시,차량단독,기타,기타,안전운전 의무 불이행,단일로,기타단일로,승합차,없음,1169072,1786387,129.3772299,36.05971131
2023,2023-09-25 14:00,주,월,1,0,0,0,0,인천,남동구,차대차,추돌,추돌,안전운전 의무 불이행,단일로,기타단일로,화물차,화물차,932704,1937363,126.7393327,37.43298427
2023,2023-09-25 15:00,주,월,1,0,0,0,0,대구,동구,차대사람,횡단중,횡단중,안전운전 의무 불이행,단일로,기타단일로,화물차,보행자,1102684,1767136,128.6377943,35.8954569
2023,2023-09-25 17:00,주,월,1,0,0,0,0,경기,군포시,차대사람,기타,기타,안전운전 의무 불이행,교차로,교차로부근,승합차,보행자,950500,1930911,126.9409083,37.37595323
2023,2023-09-25 18:00,야,월,1,0,0,0,0,경기,연천군,차대사람,횡단중,횡단중,안전운전 의무 불이행,단일로,기타단일로,승용차,보행자,961857,1997403,127.0657,37.97579172
2023,2023-09-26 06:00,주,화,1,1,0,1,0,강원,삼척시,차량단독,공작물충돌,공작물충돌,안전운전 의무 불이행,단일로,기타단일로,화물차,없음,1127216,1928943,128.9363637,37.35081404
2023,2023-09-26 07:00,주,화,1,0,0,0,0,경남,진주시,차량단독,기타,기타,안전운전 의무 불이행,단일로,기타단일로,이륜차,없음,1059166,1695185,128.1503651,35.25034736
2023,2023-09-26 15:00,주,화,1,0,0,0,0,경남,합천군,차량단독,도로이탈,도로이탈 추락,안전운전 의무 불이행,단일로,기타단일로,승용차,없음,1060160,1735958,128.1643034,35.61790521
2023,2023-09-26 18:00,야,화,1,0,0,0,0,충남,천안시,차대사람,횡단중,횡단중,안전운전 의무 불이행,단일로,기타단일로,승용차,보행자,967352,1871156,127.1338456,36.8380635
2023,2023-09-26 20:00,야,화,1,1,1,0,0,충북,진천군,차대사람,차도통행중,차도통행중,안전운전 의무 불이행,단일로,기타단일로,승용차,보행자,995469,1862252,127.4492364,36.7583493
2023,2023-09-26 23:00,야,화,1,1,1,0,0,경북,구미시,차대차,추돌,추돌,안전운전 의무 불이행,단일로,기타단일로,화물차,화물차,1075996,1792590,128.344555,36.12736082
2023,2023-09-27 08:00,주,수,1,0,0,0,0,경기,가평군,차대차,기타,기타,안전운전 의무 불이행,단일로,기타단일로,승합차,자전거,987934,1978314,127.362933,37.80446325
2023,2023-09-27 13:00,주,수,1,0,0,0,0,광주,동구,차대차,측면충돌,측면충돌,안전운전 의무 불이행,교차로,교차로내,승용차,자전거,946340,1684055,126.9108801,35.15030201
2023,2023-09-27 16:00,주,수,1,0,0,0,0,서울,금천구,차량단독,공작물충돌,공작물충돌,안전운전 의무 불이행,교차로,교차로내,화물차,없음,948337,1939151,126.9159024,37.45010506
2023,2023-09-27 16:00,주,수,1,0,0,0,0,인천,남동구,차량단독,공작물충돌,공작물충돌,안전운전 의무 불이행,기타,기타,이륜차,없음,930475,1931688,126.7146739,37.38167092
2023,2023-09-27 19:00,야,수,1,0,0,0,0,경기,수원시,차대사람,기타,기타,안전운전 의무 불이행,교차로,교차로부근,승용차,보행자,957222,1919172,127.0175061,37.27047694
2023,2023-09-27 23:00,야,수,1,0,0,0,0,경기,이천시,차대사람,기타,기타,안전운전 의무 불이행,단일로,기타단일로,승용차,보행자,1011698,1901616,127.6316689,37.11313487
2023,2023-09-28 02:00,야,목,1,0,0,0,0,경북,경주시,차량단독,공작물충돌,공작물충돌,안전운전 의무 불이행,교차로,교차로내,승용차,없음,1159917,1756920,129.2696966,35.79571135
2023,2023-09-28 03:00,야,목,1,0,0,0,0,경기,수원시,차량단독,기타,기타,안전운전 의무 불이행,단일로,기타단일로,이륜차,없음,953170,1918703,126.9718348,37.26605446
2023,2023-09-28 03:00,야,목,2,0,0,0,0,대전,서구,차량단독,기타,기타,기타,단일로,지하차도(도로)내,이륜차,없음,989091,1816591,127.3784263,36.34665938
2023,2023-09-28 21:00,야,목,1,0,0,0,0,서울,용산구,차량단독,기타,기타,안전운전 의무 불이행,기타,기타,이륜차,없음,955440,1946458,126.9957628,37.51633515
2023,2023-09-28 22:00,야,목,1,0,0,0,0,전남,영암군,차대사람,횡단중,횡단중,안전운전 의무 불이행,교차로,교차로내,승용차,보행자,931285,1652782,126.7481908,34.86740807
2023,2023-09-28 22:00,야,목,1,0,0,0,0,경북,경산시,차대사람,기타,기타,안전운전 의무 불이행,기타,기타,승용차,보행자,1119300,1766181,128.8217246,35.88496363
2023,2023-09-29 15:00,주,금,1,0,0,0,0,대구,북구,차량단독,공작물충돌,공작물충돌,안전운전 의무 불이행,단일로,기타단일로,원동기장치자전거,없음,1099171,1768758,128.5990771,35.91044074
2023,2023-09-29 22:00,야,금,1,0,0,0,0,전남,해남군,차대사람,횡단중,횡단중,기타,단일로,기타단일로,승용차,보행자,897995,1636792,126.3859578,34.72044457
2023,2023-09-30 04:00,야,토,1,0,0,0,0,전북,전주시,차대사람,횡단중,횡단중,기타,기타,기타,승용차,보행자,965923,1758534,127.1227463,35.82269798
2023,2023-09-30 04:00,야,토,1,0,0,0,0,전남,광양시,차대사람,차도통행중,차도통행중,안전운전 의무 불이행,단일로,기타단일로,승용차,보행자,1007496,1661947,127.5820989,34.95235056
2023,2023-09-30 04:00,야,토,1,0,0,0,0,경기,구리시,차대사람,기타,기타,안전운전 의무 불이행,교차로,교차로부근,승용차,보행자,967613,1956952,127.1330447,37.61142933
2023,2023-09-30 05:00,야,토,1,0,0,0,0,경기,용인시,차대사람,길가장자리구역통행중,길가장자리구역통행중,안전운전 의무 불이행,교차로,교차로횡단보도내,승용차,보행자,965350,1926378,127.1088436,37.3357682
2023,2023-09-30 07:00,주,토,1,0,0,0,0,경기,가평군,차대차,측면충돌,측면충돌,기타,교차로,교차로내,승합차,자전거,992756,1970798,127.4177848,37.73677072
2023,2023-09-30 09:00,주,토,1,0,0,0,0,경북,구미시,차량단독,공작물충돌,공작물충돌,안전운전 의무 불이행,단일로,기타단일로,이륜차,없음,1083759,1795042,128.4310777,36.1488252
2023,2023-09-30 12:00,주,토,1,0,0,0,0,충남,서산시,차대사람,횡단중,횡단중,안전운전 의무 불이행,교차로,교차로내,이륜차,보행자,906406,1865104,126.4511376,36.77944612
2023,2023-09-30 14:00,주,토,1,0,0,0,0,경북,영덕군,차량단독,공작물충돌,공작물충돌,안전운전 의무 불이행,단일로,기타단일로,이륜차,없음,1158534,1829491,129.2690143,36.4499081
2023,2023-09-30 16:00,주,토,1,3,1,2,0,전북,완주군,차대차,측면충돌,측면충돌,기타,교차로,교차로내,승용차,승용차,966179,1767847,127.1251852,35.90667243
2023,2023-10-01 02:00,야,일,1,0,0,0,0,전남,완도군,차대사람,기타,기타,안전운전 의무 불이행,단일로,기타단일로,승용차,보행자,937816,1604611,126.8231814,34.43345525
2023,2023-10-01 03:00,야,일,1,0,0,0,0,부산,부산진구,차량단독,공작물충돌,공작물충돌,기타,단일로,기타단일로,이륜차,없음,1138230,1685174,129.0175792,35.15231908
2023,2023-10-01 05:00,야,일,1,0,0,0,0,전남,신안군,차대사람,기타,기타,안전운전 의무 불이행,단일로,기타단일로,승용차,보행자,891743,1652777,126.3156304,34.86391902
2023,2023-10-01 15:00,주,일,1,0,0,0,0,경기,김포시,차대차,추돌,추돌,안전운전 의무 불이행,교차로,교차로내,화물차,자전거,937435,1955047,126.7912993,37.59270142
2023,2023-10-01 19:00,야,일,1,6,1,5,0,충북,청주시,차대사람,기타,기타,안전운전 의무 불이행,기타,기타,승용차,보행자,998361,1862055,127.4816377,36.75658279