발생년,발생년월일시,주야,요일,사망자수,부상자수,중상자수,경상자수,부상신고자수,발생지시도,발생지시군구,사고유형_대분류,사고유형_중분류,사고유형,가해자법규위반,도로형태_대분류,도로형태,가해자_당사자종별,피해자_당사자종별,발생위치X,발생위치Y,경도,위도
2023,2023-10-17 04:00,야,화,1,1,0,1,0,전남,곡성군,차량단독,공작물충돌,공작물충돌,안전운전 의무 불이행,단일로,기타단일로,화물차,없음,965311,1696163,127.1186427,35.2603127
2023,2023-10-17 09:00,주,화,1,2,1,0,1,강원,원주시,차대차,측면충돌,측면충돌,안전운전 의무 불이행,교차로,교차로내,승용차,화물차,1029218,1924379,127.829758,37.31793649
2023,2023-10-17 10:00,주,화,1,0,0,0,0,경기,부천시,차대차,정면충돌,정면충돌,신호위반,교차로,교차로내,이륜차,화물차,937713,1942012,126.795554,37.47523674
2023,2023-10-17 10:00,주,화,1,0,0,0,0,전남,신안군,차량단독,도로이탈,도로이탈 추락,안전운전 의무 불이행,단일로,기타단일로,화물차,없음,894253,1651244,126.3432792,34.85036212
2023,2023-10-17 11:00,주,화,1,1,0,1,0,경기,포천시,차대차,측면충돌,측면충돌,안전운전 의무 불이행,교차로,교차로내,승용차,건설기계,974629,1987146,127.2114826,37.88379349
2023,2023-10-17 14:00,주,화,1,0,0,0,0,경기,안산시,차대사람,횡단중,횡단중,안전운전 의무 불이행,교차로,교차로내,승용차,보행자,940562,1926359,126.8290325,37.33434096
2023,2023-10-17 15:00,주,화,1,0,0,0,0,경기,광주시,차량단독,공작물충돌,공작물충돌,안전운전 의무 불이행,단일로,기타단일로,특수차,없음,992700,1931160,127.4175439,37.37949045
2023,2023-10-17 17:00,주,화,1,0,0,0,0,전북,군산시,차대사람,횡단중,횡단중,보행자 보호의무 위반,교차로,교차로횡단보도내,화물차,보행자,928838,1776535,126.710608,35.98299168
2023,2023-10-17 23:00,야,화,1,0,0,0,0,충북,음성군,차대사람,차도통행중,차도통행중,기타,단일로,기타단일로,승용차,보행자,1017650,1882407,127.6982119,36.93988518
2023,2023-10-18 01:00,야,수,1,0,0,0,0,서울,관악구,차대차,정면충돌,정면충돌,신호위반,교차로,교차로내,이륜차,승합차,952217,1942213,126.9595689,37.4779125
2023,2023-10-18 09:00,주,수,1,0,0,0,0,경남,진주시,차대차,기타,기타,안전운전 의무 불이행,교차로,교차로부근,화물차,자전거,1056075,1686883,128.1158244,35.17566936
2023,2023-10-18 11:00,주,수,1,2,0,2,0,충남,서천군,차대차,추돌,추돌,안전운전 의무 불이행,단일로,기타단일로,화물차,화물차,920821,1795070,126.6198259,36.1494626
2023,2023-10-18 15:00,주,수,1,1,0,1,0,전북,김제시,차대차,측면충돌,측면충돌,기타,교차로,교차로내,원동기장치자전거,승용차,934305,1761175,126.7725172,35.84489967
2023,2023-10-18 15:00,주,수,1,7,1,6,0,전북,정읍시,차대차,추돌,추돌,기타,단일로,기타단일로,화물차,화물차,936311,1722325,126.7978038,35.49476988
2023,2023-10-18 15:00,주,수,1,3,1,2,0,전북,정읍시,차대차,추돌,추돌,안전운전 의무 불이행,기타,기타,화물차,화물차,935998,1721515,126.794417,35.48744677
2023,2023-10-18 17:00,주,수,1,1,1,0,0,경기,의정부시,차대사람,횡단중,횡단중,신호위반,교차로,교차로부근,승용차,보행자,959816,1969299,127.0440242,37.72240663
2023,2023-10-18 18:00,야,수,2,0,0,0,0,충남,금산군,차대차,추돌,추돌,안전운전 의무 불이행,단일로,기타단일로,승용차,농기계,1005783,1782850,127.564199,36.04250696
2023,2023-10-18 20:00,야,수,1,0,0,0,0,경기,안성시,차대차,추돌,추돌,안전운전 의무 불이행,기타,기타,승용차,화물차,974073,1888560,127.2086259,36.99515906
2023,2023-10-18 21:00,야,수,1,0,0,0,0,충남,아산시,차대차,측면충돌,측면충돌,기타,교차로,교차로내,개인형이동장치(PM),승용차,955716,1864776,127.0037205,36.78007823
2023,2023-10-19 00:00,야,목,1,2,0,2,0,경기,화성시,차대차,추돌,추돌,안전운전 의무 불이행,기타,기타,화물차,승용차,946321,1904101,126.8956433,37.13406776
2023,2023-10-19 05:00,야,목,1,0,0,0,0,충남,천안시,차대사람,기타,기타,안전운전 의무 불이행,단일로,기타단일로,승용차,보행자,982206,1862143,127.3006458,36.75721051
2023,2023-10-19 07:00,주,목,1,0,0,0,0,경기,부천시,차대차,기타,기타,신호위반,교차로,교차로내,자전거,화물차,938493,1947432,126.8039216,37.52413946
2023,2023-10-19 07:00,주,목,1,2,0,1,1,경기,구리시,차대차,기타,기타,안전운전 의무 불이행,교차로,교차로부근,승용차,화물차,969398,1953209,127.1534255,37.57775349
2023,2023-10-19 18:00,야,목,1,1,1,0,0,인천,강화군,차대차,정면충돌,정면충돌,안전운전 의무 불이행,단일로,지하차도(도로)내,승용차,승합차,903361,1964412,126.4041428,37.67414878
2023,2023-10-19 20:00,야,목,1,0,0,0,0,강원,춘천시,차대사람,기타,기타,안전운전 의무 불이행,교차로,교차로내,화물차,보행자,1021827,1986992,127.7482109,37.88249736
2023,2023-10-19 21:00,야,목,1,0,0,0,0,대전,유성구,차대차,측면충돌,측면충돌,중앙선 침범,단일로,기타단일로,승용차,이륜차,985912,1817901,127.3429748,36.35842823
2023,2023-10-20 03:00,야,금,1,0,0,0,0,경북,영양군,차량단독,공작물충돌,공작물충돌,안전운전 의무 불이행,단일로,기타단일로,화물차,없음,1148295,1862222,129.1611189,36.74649384
2023,2023-10-20 09:00,주,금,1,0,0,0,0,서울,마포구,차대사람,기타,기타,안전운전 의무 불이행,교차로,교차로부근,승용차,보행자,946858,1953107,126.8981726,37.57580875
2023,2023-10-20 09:00,주,금,1,0,0,0,0,전북,순창군,차대차,후진중충돌,후진중충돌,안전운전 의무 불이행,단일로,기타단일로,화물차,이륜차,972648,1712318,127.1987617,35.40620675
2023,2023-10-20 14:00,주,금,1,0,0,0,0,경북,예천군,차대차,측면충돌,측면충돌,신호위반,교차로,교차로횡단보도내,이륜차,화물차,1085427,1850793,128.4557516,36.65122418
2023,2023-10-20 18:00,야,금,1,0,0,0,0,광주,북구,차량단독,기타,기타,안전운전 의무 불이행,단일로,기타단일로,이륜차,없음,947907,1686467,126.9279308,35.17213283
2023,2023-10-20 21:00,야,금,1,0,0,0,0,경기,안양시,차대사람,차도통행중,차도통행중,안전운전 의무 불이행,단일로,기타단일로,승용차,보행자,952527,1934052,126.9636002,37.40437045
2023,2023-10-21 00:00,야,토,1,0,0,0,0,인천,남동구,차대차,기타,기타,기타,교차로,교차로부근,승용차,이륜차,932723,1934121,126.7398429,37.40376552
2023,2023-10-21 08:00,주,토,4,18,7,11,0,충북,보은군,차대차,추돌,추돌,안전운전 의무 불이행,단일로,터널안,승합차,승합차,1012535,1830750,127.6399232,36.47428717
2023,2023-10-21 12:00,주,토,1,0,0,0,0,충북,옥천군,차대차,정면충돌,정면충돌,중앙선 침범,교차로,교차로부근,승용차,이륜차,1004427,1812114,127.5493107,36.30634887
2023,2023-10-21 14:00,주,토,1,0,0,0,0,강원,태백시,차량단독,공작물충돌,공작물충돌,안전운전 의무 불이행,단일로,기타단일로,화물차,없음,1132390,1919807,128.993135,37.26776691
2023,2023-10-21 14:00,주,토,1,1,1,0,0,전북,군산시,차대차,추돌,추돌,안전운전 의무 불이행,단일로,지하차도(도로)내,승용차,특수차,935714,1776478,126.7868817,35.98295539
2023,2023-10-21 19:00,야,토,1,0,0,0,0,충남,서산시,차대사람,차도통행중,차도통행중,안전운전 의무 불이행,단일로,기타단일로,승용차,보행자,910515,1865423,126.4971411,36.78271846
2023,2023-10-21 20:00,야,토,1,0,0,0,0,경북,봉화군,차량단독,기타,기타,안전운전 의무 불이행,단일로,기타단일로,화물차,없음,1108951,1885013,128.7237868,36.95723576
2023,2023-10-22 00:00,야,일,1,0,0,0,0,부산,해운대구,차량단독,공작물충돌,공작물충돌,안전운전 의무 불이행,단일로,기타단일로,이륜차,없음,1147733,1689779,129.1226981,35.19247505
2023,2023-10-22 02:00,야,일,1,1,0,1,0,대구,달서구,차대사람,차도통행중,차도통행중,안전운전 의무 불이행,단일로,기타단일로,승용차,보행자,1093209,1759517,128.5319315,35.82772273
2023,2023-10-22 09:00,주,일,1,1,0,1,0,경북,안동시,차대차,정면충돌,정면충돌,중앙선 침범,단일로,기타단일로,승용차,승용차,1105386,1844499,128.6781492,36.592495
2023,2023-10-22 10:00,주,일,1,0,0,0,0,전북,전주시,차대차,추돌,추돌,안전운전 의무 불이행,단일로,기타단일로,이륜차,승용차,972269,1755332,127.1931106,35.79402838
2023,2023-10-22 14:00,주,일,1,0,0,0,0,경남,창원시(통합),차대차,추돌,추돌,안전운전 의무 불이행,단일로,기타단일로,이륜차,화물차,1099876,1690190,128.5971933,35.20208334
2023,2023-10-22 16:00,주,일,1,1,0,0,1,경기,의정부시,차대차,측면충돌,측면충돌,신호위반,교차로,교차로내,이륜차,이륜차,964147,1971853,127.0930417,37.74560587
2023,2023-10-22 20:00,야,일,1,1,0,1,0,충남,예산군,차대차,측면충돌,측면충돌,중앙선 침범,교차로,교차로부근,화물차,이륜차,921339,1854320,126.6195754,36.68359939
2023,2023-10-22 20:00,야,일,1,0,0,0,0,대구,달서구,차량단독,공작물충돌,공작물충돌,안전운전 의무 불이행,단일로,기타단일로,개인형이동장치(PM),없음,1092069,1757859,128.5191212,35.81288391
2023,2023-10-23 12:00,주,월,1,0,0,0,0,경기,안산시,차대차,추돌,추돌,안전거리 미확보,단일로,기타단일로,건설기계,승용차,939679,1928118,126.8189222,37.35013835
2023,2023-10-23 15:00,주,월,1,0,0,0,0,경남,하동군,차대차,기타,기타,신호위반,교차로,교차로내,이륜차,승용차,1034820,1687850,127.8824456,35.1853506
2023,2023-10-23 18:00,야,월,1,0,0,0,0,전북,임실군,차대차,추돌,추돌,안전운전 의무 불이행,단일로,기타단일로,승용차,농기계,975556,1732413,127.2301831,35.58747095
2023,2023-10-23 19:00,야,월,1,0,0,0,0,경북,포항시,차대차,추돌,추돌,안전운전 의무 불이행,단일로,교량위,화물차,화물차,1148867,1787201,129.1531342,36.07035011
2023,2023-10-24 01:00,야,화,1,0,0,0,0,경북,영덕군,차량단독,공작물충돌,공작물충돌,안전운전 의무 불이행,교차로,교차로내,승용차,없음,1160745,1826129,129.2929779,36.41924546
2023,2023-10-24 07:00,주,화,1,0,0,0,0,서울,노원구,차대사람,횡단중,횡단중,안전운전 의무 불이행,교차로,교차로내,화물차,보행자,962328,1960166,127.0729997,37.64019645
2023,2023-10-24 13:00,주,화,1,0,0,0,0,경북,경주시,차량단독,도로이탈,도로이탈 추락,안전운전 의무 불이행,교차로,교차로부근,사륜오토바이(ATV),없음,1155901,1777514,129.2293044,35.98195037
2023,2023-10-24 16:00,주,화,1,12,1,5,6,부산,북구,차대차,정면충돌,정면충돌,중앙선 침범,단일로,기타단일로,승용차,승용차,1139596,1691558,129.0336522,35.2096753
2023,2023-10-24 16:00,주,화,1,0,0,0,0,경남,창녕군,차대사람,횡단중,횡단중,안전운전 의무 불이행,단일로,기타단일로,이륜차,보행자,1091245,1727687,128.5065797,35.54095941
2023,2023-10-24 17:00,주,화,1,0,0,0,0,서울,서초구,차대사람,횡단중,횡단중,기타,단일로,기타단일로,승용차,보행자,959026,1942655,127.0365523,37.48222356
2023,2023-10-24 18:00,야,화,1,0,0,0,0,경기,이천시,차량단독,공작물충돌,공작물충돌,안전운전 의무 불이행,단일로,기타단일로,화물차,없음,996826,1920050,127.4641961,37.27936905
2023,2023-10-24 18:00,야,화,1,0,0,0,0,강원,삼척시,차대사람,횡단중,횡단중,안전운전 의무 불이행,단일로,기타단일로,화물차,보행자,1127406,1928823,128.9384877,37.34970665
2023,2023-10-25 07:00,주,수,1,3,0,3,0,울산,울주군,차대차,추돌,추돌,안전거리 미확보,단일로,기타단일로,화물차,승용차,1150970,1741125,129.1677543,35.65477501
2023,2023-10-25 11:00,주,수,1,0,0,0,0,전북,고창군,차대사람,차도통행중,차도통행중,안전운전 의무 불이행,단일로,기타단일로,화물차,보행자,914300,1714741,126.5559488,35.4247399
2023,2023-10-25 13:00,주,수,1,0,0,0,0,대구,군위군,차대사람,기타,기타,안전운전 의무 불이행,단일로,기타단일로,화물차,보행자,1108069,1798700,128.7017671,36.17939177
2023,2023-10-25 13:00,주,수,1,0,0,0,0,경남,함양군,차대차,추돌,추돌,안전운전 의무 불이행,단일로,기타단일로,승용차,농기계,1019055,1722269,127.7100939,35.49612533
2023,2023-10-25 16:00,주,수,1,1,1,0,0,서울,도봉구,차량단독,기타,기타,안전운전 의무 불이행,교차로,교차로내,화물차,없음,958820,1961879,127.0331421,37.65548535
2023,2023-10-25 18:00,야,수,1,0,0,0,0,경기,안산시,차대사람,횡단중,횡단중,보행자 보호의무 위반,교차로,교차로횡단보도내,승용차,보행자,940321,1922235,126.8266438,37.29715455
2023,2023-10-25 18:00,야,수,1,0,0,0,0,대구,달성군,차대사람,횡단중,횡단중,기타,단일로,기타단일로,승용차,보행자,1085787,1748599,128.448602,35.72997394
2023,2023-10-25 21:00,야,수,1,0,0,0,0,경기,용인시,차대차,추돌,추돌,안전운전 의무 불이행,기타,기타,승용차,농기계,969361,1902430,127.1551066,37.12004392
2023,2023-10-25 22:00,야,수,1,2,0,2,0,충북,청주시,차대차,측면충돌,측면충돌,기타,단일로,기타단일로,화물차,화물차,993664,1841220,127.4291878,36.56873685
2023,2023-10-26 00:00,야,목,1,1,1,0,0,강원,강릉시,차량단독,도로이탈,도로이탈 추락,기타,단일로,기타단일로,원동기장치자전거,없음,1124579,1975001,128.9144232,37.76619298
2023,2023-10-26 09:00,주,목,1,0,0,0,0,경북,청송군,차대사람,횡단중,횡단중,안전운전 의무 불이행,단일로,기타단일로,화물차,보행자,1138433,1837875,129.0462962,36.52857715
2023,2023-10-26 11:00,주,목,1,0,0,0,0,경기,부천시,차대사람,횡단중,횡단중,안전운전 의무 불이행,단일로,기타단일로,화물차,보행자,935669,1943502,126.7723085,37.48852598
2023,2023-10-26 11:00,주,목,1,0,0,0,0,강원,강릉시,차대사람,횡단중,횡단중,보행자 보호의무 위반,교차로,교차로횡단보도내,특수차,보행자,1122604,1973670,128.8917811,37.75446684
2023,2023-10-26 11:00,주,목,1,0,0,0,0,대구,동구,차대사람,기타,기타,안전운전 의무 불이행,교차로,교차로내,승용차,보행자,1101759,1764928,128.6272645,35.87564983
2023,2023-10-26 17:00,주,목,1,0,0,0,0,광주,북구,차량단독,기타,기타,안전운전 의무 불이행,단일로,기타단일로,자전거,없음,949727,1685173,126.9479955,35.16055787
2023,2023-10-26 20:00,야,목,1,0,0,0,0,부산,사상구,차대사람,횡단중,횡단중,안전운전 의무 불이행,교차로,교차로내,승용차,보행자,1134490,1683322,128.9762298,35.13613202
2023,2023-10-26 20:00,야,목,1,1,1,0,0,경기,시흥시,차량단독,공작물충돌,공작물충돌,안전운전 의무 불이행,단일로,교량위,승용차,없음,936813,1940118,126.7855385,37.45810497
2023,2023-10-27 00:00,야,금,1,0,0,0,0,경북,영주시,차대사람,차도통행중,차도통행중,기타,교차로,교차로부근,승용차,보행자,1098982,1868479,128.6096718,36.8093175
2023,2023-10-27 09:00,주,금,1,1,1,0,0,충북,청주시,차대차,정면충돌,정면충돌,중앙선 침범,단일로,기타단일로,승용차,화물차,988500,1853446,127.371291,36.67890573
2023,2023-10-27 10:00,주,금,1,0,0,0,0,강원,양양군,차량단독,도로이탈,도로이탈 추락,안전운전 의무 불이행,단일로,기타단일로,화물차,없음,1100572,2006374,128.646291,38.05185865
2023,2023-10-27 11:00,주,금,1,0,0,0,0,서울,영등포구,차대사람,횡단중,횡단중,안전운전 의무 불이행,교차로,교차로내,화물차,보행자,947070,1946747,126.9010322,37.51849765
2023,2023-10-27 16:00,주,금,1,0,0,0,0,전북,김제시,차대사람,횡단중,횡단중,안전운전 의무 불이행,단일로,지하차도(도로)내,화물차,보행자,947992,1764329,126.9238686,35.87415714
2023,2023-10-27 16:00,주,금,1,0,0,0,0,제주,서귀포시,차대사람,기타,기타,기타,단일로,기타단일로,승용차,보행자,918611,1475839,126.6260788,33.27084488
2023,2023-10-27 18:00,야,금,1,0,0,0,0,충북,괴산군,차대사람,횡단중,횡단중,안전운전 의무 불이행,단일로,기타단일로,화물차,보행자,1022991,1852932,127.757301,36.67406366
2023,2023-10-27 19:00,야,금,1,0,0,0,0,경남,고성군,차대사람,차도통행중,차도통행중,안전운전 의무 불이행,단일로,기타단일로,화물차,보행자,1068631,1665937,128.2519717,34.9860294
2023,2023-10-27 21:00,야,금,1,0,0,0,0,대구,북구,차대사람,기타,기타,안전운전 의무 불이행,교차로,교차로부근,승합차,보행자,1098547,1766774,128.5919169,35.89261917
2023,2023-10-28 06:00,주,토,1,1,1,0,0,울산,동구,차량단독,기타,기타,안전거리 미확보,단일로,기타단일로,이륜차,없음,1172078,1725815,129.3975663,35.51335327
2023,2023-10-28 09:00,주,토,1,0,0,0,0,경기,안산시,차대사람,횡단중,횡단중,보행자 보호의무 위반,기타,기타,화물차,보행자,939153,1926178,126.8131429,37.33261829
2023,2023-10-28 10:00,주,토,1,2,2,0,0,경남,거창군,차대차,정면충돌,정면충돌,중앙선 침범,단일로,기타단일로,화물차,화물차,1023788,1752292,127.7631637,35.76672265
2023,2023-10-28 11:00,주,토,1,1,1,0,0,울산,울주군,차대차,정면충돌,정면충돌,중앙선 침범,단일로,기타단일로,특수차,승용차,1161724,1721748,129.2826299,35.47844196
2023,2023-10-28 13:00,주,토,1,0,0,0,0,경북,문경시,차량단독,기타,기타,안전운전 의무 불이행,단일로,기타단일로,화물차,없음,1070776,1860004,128.2927048,36.7354548
2023,2023-10-28 19:00,야,토,1,1,0,1,0,경기,남양주시,차대차,추돌,추돌,안전운전 의무 불이행,단일로,터널안,화물차,승용차,984489,1960676,127.324175,37.645435
2023,2023-10-29 01:00,야,일,1,0,0,0,0,경기,고양시,차대사람,기타,기타,안전운전 의무 불이행,단일로,기타단일로,승용차,보행자,946507,1958845,126.8937782,37.62750505
2023,2023-10-29 09:00,주,일,1,0,0,0,0,충남,서천군,차량단독,도로이탈,도로이탈 기타,안전운전 의무 불이행,단일로,기타단일로,농기계,없음,931705,1785581,126.7416276,36.06474745
2023,2023-10-29 12:00,주,일,1,2,0,2,0,경기,고양시,차대차,추돌,추돌,안전거리 미확보,단일로,기타단일로,승합차,승용차,937886,1959940,126.7959919,37.63683166
2023,2023-10-30 08:00,주,월,1,0,0,0,0,서울,관악구,차대사람,차도통행중,차도통행중,안전운전 의무 불이행,단일로,기타단일로,승용차,보행자,951979,1943261,126.9568088,37.48734608
2023,2023-10-30 09:00,주,월,1,0,0,0,0,충북,단양군,차대사람,기타,기타,안전운전 의무 불이행,단일로,기타단일로,승용차,보행자,1080892,1901778,128.4104601,37.11117251
2023,2023-10-30 16:00,주,월,1,0,0,0,0,충남,금산군,차대차,정면충돌,정면충돌,중앙선 침범,단일로,기타단일로,화물차,이륜차,989023,1794624,127.3779767,36.14861402
2023,2023-10-30 18:00,야,월,1,0,0,0,0,부산,강서구,차대차,기타,기타,중앙선 침범,단일로,기타단일로,자전거,승용차,1129919,1680706,128.9256592,35.11315096
2023,2023-10-30 18:00,야,월,1,1,1,0,0,충남,부여군,차대차,추돌,추돌,기타,단일로,기타단일로,승용차,농기계,942487,1808962,126.859635,36.27622771
2023,2023-10-30 19:00,야,월,1,0,0,0,0,서울,마포구,차대차,추돌,추돌,안전운전 의무 불이행,단일로,교량위,승용차,이륜차,947447,1949604,126.9050937,37.54426972
2023,2023-10-30 19:00,야,월,1,0,0,0,0,경북,영천시,차대사람,횡단중,횡단중,안전운전 의무 불이행,단일로,기타단일로,화물차,보행자,1128452,1774906,128.9245024,35.96244598
2023,2023-10-30 19:00,야,월,1,0,0,0,0,대구,동구,차대사람,횡단중,횡단중,안전운전 의무 불이행,단일로,기타단일로,승용차,보행자,1103019,1766575,128.6414331,35.89036465
2023,2023-10-30 20:00,야,월,1,0,0,0,0,경기,성남시,차대사람,횡단중,횡단중,보행자 보호의무 위반,교차로,교차로횡단보도내,승합차,보행자,965020,1933843,127.1047655,37.40304273
2023,2023-10-30 23:00,야,월,1,0,0,0,0,경기,동두천시,차량단독,도로이탈,도로이탈 기타,중앙선 침범,교차로,교차로부근,이륜차,없음,961069,1986412,127.0573223,37.87669919
2023,2023-10-31 02:00,야,화,1,1,0,1,0,강원,춘천시,차대차,측면충돌,측면충돌,안전운전 의무 불이행,단일로,기타단일로,승용차,승용차,1020052,1989178,127.728087,37.90224059
2023,2023-10-31 06:00,주,화,1,0,0,0,0,경북,경산시,차대차,측면충돌,측면충돌,안전운전 의무 불이행,교차로,교차로내,승용차,이륜차,1118851,1769639,128.8172678,35.91618766
2023,2023-10-31 10:00,주,화,1,0,0,0,0,충북,충주시,차량단독,공작물충돌,공작물충돌,안전운전 의무 불이행,단일로,기타단일로,승용차,없음,1018059,1893201,127.7030635,37.03717876
2023,2023-10-31 11:00,주,화,1,2,1,1,0,경기,화성시,차대차,추돌,추돌,안전운전 의무 불이행,단일로,고가도로위,화물차,화물차,933911,1916945,126.7547954,37.24904092
2023,2023-10-31 15:00,주,화,1,1,0,1,0,경북,예천군,차대차,추돌,추돌,안전운전 의무 불이행,단일로,기타단일로,승용차,농기계,1082437,1848202,128.4220253,36.62813311
2023,2023-10-31 18:00,야,화,1,0,0,0,0,충북,보은군,차대사람,차도통행중,차도통행중,안전운전 의무 불이행,단일로,기타단일로,승용차,보행자,1025120,1825258,127.7802252,36.42452853
2023,2023-11-01 01:00,야,수,1,2,2,0,0,경기,성남시,차대차,정면충돌,정면충돌,안전운전 의무 불이행,기타,기타,승용차,승용차,960637,1933140,127.0552813,37.3965303
2023,2023-11-01 06:00,주,수,1,0,0,0,0,서울,강남구,차대차,기타,기타,안전운전 의무 불이행,단일로,기타단일로,화물차,개인형이동장치(PM),961384,1944037,127.0631499,37.49478172
2023,2023-11-01 06:00,주,수,1,0,0,0,0,경기,성남시,차대사람,기타,기타,보행자 보호의무 위반,교차로,교차로부근,승합차,보행자,966487,1930747,127.1214809,37.37519075
2023,2023-11-01 07:00,주,수,1,0,0,0,0,경북,울진군,차대차,측면충돌,측면충돌,기타,교차로,교차로내,화물차,원동기장치자전거,1167707,1882722,129.382985,36.92796167
2023,2023-11-01 11:00,주,수,1,0,0,0,0,전북,군산시,차대차,측면충돌,측면충돌,기타,교차로,교차로내,화물차,자전거,929104,1766579,126.7144472,35.89325586
2023,2023-11-01 13:00,주,수,1,0,0,0,0,경남,진주시,차대차,정면충돌,정면충돌,안전운전 의무 불이행,교차로,교차로내,화물차,이륜차,1056416,1688116,128.1196535,35.18676779
2023,2023-11-01 14:00,주,수,1,2,1,1,0,전남,보성군,차대사람,기타,기타,기타,단일로,기타단일로,승용차,보행자,985623,1649057,127.3427598,34.83603983
2023,2023-11-01 17:00,주,수,1,0,0,0,0,부산,남구,차량단독,공작물충돌,공작물충돌,안전운전 의무 불이행,교차로,교차로부근,특수차,없음,1143894,1680647,129.0789536,35.11071885
2023,2023-11-01 18:00,야,수,1,0,0,0,0,경북,청도군,차대사람,횡단중,횡단중,안전운전 의무 불이행,단일로,기타단일로,승용차,보행자,1115290,1741344,128.773732,35.66156244
2023,2023-11-01 23:00,야,수,1,0,0,0,0,경남,양산시,차량단독,도로이탈,도로이탈 추락,안전운전 의무 불이행,단일로,기타단일로,사륜오토바이(ATV),없음,1140935,1716056,129.0525742,35.43030457
2023,2023-11-02 02:00,야,목,1,0,0,0,0,인천,미추홀구,차대차,추돌,추돌,안전운전 의무 불이행,단일로,기타단일로,승용차,승용차,927345,1937706,126.67873,37.43567037
2023,2023-11-02 06:00,주,목,1,0,0,0,0,전남,목포시,차대차,기타,기타,신호위반,교차로,교차로내,자전거,승용차,899030,1645498,126.3962154,34.79904177
2023,2023-11-02 15:00,주,목,1,3,2,1,0,충북,충주시,차대차,측면충돌,측면충돌,중앙선 침범,교차로,교차로내,승용차,화물차,1038395,1892127,127.9316714,37.02688593
2023,2023-11-02 15:00,주,목,1,0,0,0,0,충북,보은군,차대차,정면충돌,정면충돌,중앙선 침범,단일로,기타단일로,승용차,자전거,1020706,1839107,127.7313563,36.54948454
2023,2023-11-02 18:00,야,목,1,0,0,0,0,강원,횡성군,차대사람,기타,기타,안전운전 의무 불이행,단일로,기타단일로,승용차,보행자,1041306,1944959,127.9673321,37.50297559
2023,2023-11-02 18:00,야,목,1,0,0,0,0,경북,문경시,차대차,정면충돌,정면충돌,안전운전 의무 불이행,기타,기타,화물차,이륜차,1042371,1852758,127.9741751,36.67182904
2023,2023-11-02 19:00,야,목,1,0,0,0,0,충남,아산시,차량단독,전도,전도,안전운전 의무 불이행,단일로,기타단일로,이륜차,없음,964958,1866174,127.1072265,36.79306755
2023,2023-11-02 21:00,야,목,1,0,0,0,0,경남,함안군,차대사람,횡단중,횡단중,보행자 보호의무 위반,단일로,기타단일로,승용차,보행자,1088605,1709641,128.4754938,35.3785063
2023,2023-11-02 23:00,야,목,1,2,0,2,0,경기,안양시,차대사람,기타,기타,안전운전 의무 불이행,단일로,기타단일로,승용차,보행자,947612,1935617,126.907957,37.41821132
2023,2023-11-03 02:00,야,금,1,0,0,0,0,제주,제주시,차량단독,기타,기타,안전운전 의무 불이행,단일로,기타단일로,이륜차,없음,897081,1499117,126.392274,33.47892957
2023,2023-11-03 05:00,야,금,1,0,0,0,0,경남,김해시,차대사람,횡단중,횡단중,기타,단일로,기타단일로,승용차,보행자,1129311,1693875,128.9210537,35.23193996
2023,2023-11-03 10:00,주,금,1,0,0,0,0,대구,동구,차량단독,기타,기타,안전운전 의무 불이행,교차로,교차로부근,원동기장치자전거,없음,1106399,1773656,128.6798236,35.9538321
2023,2023-11-03 17:00,주,금,1,3,1,2,0,경남,거제시,차대사람,기타,기타,기타,교차로,교차로내,승용차,보행자,1102134,1655712,128.6177517,34.89101465
2023,2023-11-03 20:00,야,금,1,0,0,0,0,전북,완주군,차대사람,횡단중,횡단중,안전운전 의무 불이행,단일로,기타단일로,이륜차,보행자,969787,1769895,127.1650917,35.92525517
2023,2023-11-04 04:00,야,토,1,0,0,0,0,충남,공주시,차량단독,공작물충돌,공작물충돌,안전운전 의무 불이행,단일로,기타단일로,승용차,없음,966763,1834123,127.1288468,36.50420014
2023,2023-11-04 06:00,주,토,1,0,0,0,0,경북,경산시,차대사람,횡단중,횡단중,보행자 보호의무 위반,교차로,교차로횡단보도내,승용차,보행자,1118429,1768644,128.8124435,35.90727024
2023,2023-11-04 10:00,주,토,1,0,0,0,0,경기,안양시,차대차,측면충돌,측면충돌,신호위반,교차로,교차로내,이륜차,승합차,949633,1933264,126.9309559,37.39711505