발생년,발생년월일시,주야,요일,사망자수,부상자수,중상자수,경상자수,부상신고자수,발생지시도,발생지시군구,사고유형_대분류,사고유형_중분류,사고유형,가해자법규위반,도로형태_대분류,도로형태,가해자_당사자종별,피해자_당사자종별,발생위치X,발생위치Y,경도,위도
2023,2023-11-04 13:00,주,토,1,3,0,3,0,전남,완도군,차대차,정면충돌,정면충돌,안전운전 의무 불이행,단일로,기타단일로,화물차,승합차,935334,1599658,126.7965428,34.38863842
2023,2023-11-04 14:00,주,토,1,2,0,2,0,충남,공주시,차대차,추돌,추돌,안전운전 의무 불이행,단일로,기타단일로,승용차,화물차,969610,1814793,127.1613956,36.33003185
2023,2023-11-04 17:00,주,토,1,2,0,2,0,경기,화성시,차대차,정면충돌,정면충돌,중앙선 침범,단일로,교량위,이륜차,승용차,955238,1907980,126.9958013,37.1695018
2023,2023-11-04 22:00,야,토,1,0,0,0,0,인천,강화군,차량단독,전도,전도,안전운전 의무 불이행,단일로,지하차도(도로)내,이륜차,없음,903812,1962632,126.4094909,37.65815523
2023,2023-11-05 06:00,주,일,1,0,0,0,0,서울,노원구,차대사람,횡단중,횡단중,보행자 보호의무 위반,교차로,교차로부근,승용차,보행자,961785,1961887,127.066755,37.6556857
2023,2023-11-05 06:00,주,일,1,0,0,0,0,전남,완도군,차량단독,도로이탈,도로이탈 추락,안전운전 의무 불이행,단일로,기타단일로,화물차,없음,958508,1603665,127.0484339,34.42596328
2023,2023-11-05 09:00,주,일,1,0,0,0,0,충북,음성군,차량단독,공작물충돌,공작물충돌,안전운전 의무 불이행,단일로,기타단일로,승용차,없음,1013539,1904695,127.6524462,37.14086478
2023,2023-11-05 10:00,주,일,1,0,0,0,0,울산,북구,차대차,추돌,추돌,안전운전 의무 불이행,단일로,고가도로위,승용차,자전거,1169423,1742417,129.3717829,35.6634232
2023,2023-11-05 13:00,주,일,1,0,0,0,0,경북,구미시,차량단독,공작물충돌,공작물충돌,안전운전 의무 불이행,단일로,기타단일로,이륜차,없음,1076786,1787159,128.3528042,36.0783393
2023,2023-11-05 14:00,주,일,1,0,0,0,0,충남,공주시,차량단독,공작물충돌,공작물충돌,안전운전 의무 불이행,교차로,교차로부근,이륜차,없음,978215,1818775,127.2571599,36.36616408
2023,2023-11-05 18:00,야,일,1,0,0,0,0,충남,부여군,차대사람,기타,기타,안전운전 의무 불이행,단일로,기타단일로,화물차,보행자,951607,1800637,126.9616899,36.20167691
2023,2023-11-05 23:00,야,일,1,0,0,0,0,전북,전주시,차량단독,기타,기타,안전운전 의무 불이행,단일로,지하차도(도로)내,승용차,없음,968554,1761208,127.1517673,35.84689472
2023,2023-11-06 00:00,야,월,2,0,0,0,0,서울,동대문구,차량단독,기타,기타,안전운전 의무 불이행,단일로,기타단일로,승용차,없음,962624,1953395,127.0767007,37.57917981
2023,2023-11-06 04:00,야,월,1,0,0,0,0,경기,화성시,차대차,기타,기타,안전운전 의무 불이행,단일로,기타단일로,이륜차,화물차,964419,1911966,127.0990234,37.20582617
2023,2023-11-06 05:00,야,월,1,0,0,0,0,인천,미추홀구,차대차,측면충돌,측면충돌,기타,단일로,기타단일로,승용차,자전거,928463,1941036,126.6910432,37.46577026
2023,2023-11-06 06:00,주,월,1,0,0,0,0,전남,순천시,차대사람,기타,기타,보행자 보호의무 위반,단일로,기타단일로,화물차,보행자,998091,1664059,127.4790871,34.97142146
2023,2023-11-06 07:00,주,월,1,3,1,2,0,부산,강서구,차대차,기타,기타,안전운전 의무 불이행,단일로,기타단일로,승용차,승용차,1130669,1692707,128.9357877,35.22123519
2023,2023-11-06 09:00,주,월,1,0,0,0,0,서울,성동구,차대사람,기타,기타,안전운전 의무 불이행,교차로,교차로내,화물차,보행자,960434,1951937,127.0519774,37.56594691
2023,2023-11-06 18:00,야,월,1,0,0,0,0,경기,부천시,차대차,추돌,추돌,안전운전 의무 불이행,교차로,교차로내,이륜차,화물차,1110555,1759415,128.7239215,35.82500125
2023,2023-11-06 21:00,야,월,1,1,0,0,1,강원,횡성군,차대차,정면충돌,정면충돌,중앙선 침범,단일로,기타단일로,화물차,화물차,1049677,1940601,128.0617428,37.46328318
2023,2023-11-06 21:00,야,월,1,0,0,0,0,충남,아산시,차대사람,기타,기타,안전운전 의무 불이행,단일로,기타단일로,승용차,보행자,953651,1879437,126.9796847,36.91213797
2023,2023-11-07 00:00,야,화,1,0,0,0,0,전남,광양시,차대사람,횡단중,횡단중,기타,단일로,기타단일로,승용차,보행자,1018456,1660490,127.702104,34.93907167
2023,2023-11-07 02:00,야,화,1,0,0,0,0,경기,시흥시,차량단독,공작물충돌,공작물충돌,안전운전 의무 불이행,단일로,기타단일로,승용차,없음,943993,1931756,126.867353,37.38319921
2023,2023-11-07 03:00,야,화,1,0,0,0,0,강원,춘천시,차량단독,공작물충돌,공작물충돌,안전운전 의무 불이행,단일로,기타단일로,승용차,없음,1009617,1981296,127.6092866,37.83136959
2023,2023-11-07 06:00,주,화,1,0,0,0,0,전북,고창군,차대사람,횡단중,횡단중,안전운전 의무 불이행,단일로,기타단일로,화물차,보행자,927963,1724779,126.7055534,35.51632399
2023,2023-11-07 08:00,주,화,1,1,0,1,0,충남,아산시,차대차,측면충돌,측면충돌,안전운전 의무 불이행,단일로,기타단일로,원동기장치자전거,승용차,959718,1871995,127.0481863,36.84533207
2023,2023-11-07 13:00,주,화,1,0,0,0,0,경남,합천군,차량단독,도로이탈,도로이탈 추락,안전운전 의무 불이행,단일로,기타단일로,농기계,없음,1050885,1725806,128.0612523,35.52689438
2023,2023-11-07 20:00,야,화,1,44,9,34,1,경기,용인시,차대차,추돌,추돌,안전운전 의무 불이행,기타,기타,승합차,승합차,964878,1925782,127.1035436,37.3303783
2023,2023-11-08 00:00,야,수,1,0,0,0,0,충북,영동군,차량단독,기타,기타,안전운전 의무 불이행,교차로,교차로부근,승용차,없음,1016077,1788421,127.6785894,36.09261833
2023,2023-11-08 03:00,야,수,1,1,1,0,0,경기,안산시,차대차,측면충돌,측면충돌,신호위반,교차로,교차로내,이륜차,화물차,934220,1922868,126.7577554,37.30244828
2023,2023-11-08 05:00,야,수,1,0,0,0,0,대전,서구,차대사람,기타,기타,안전운전 의무 불이행,단일로,기타단일로,승용차,보행자,989196,1817636,127.3795819,36.35608165
2023,2023-11-08 06:00,주,수,1,0,0,0,0,경기,안산시,차대사람,횡단중,횡단중,기타,기타,기타,승용차,보행자,935908,1922940,126.7767947,37.30321515
2023,2023-11-08 07:00,주,수,1,0,0,0,0,경기,이천시,차대차,기타,기타,안전운전 의무 불이행,기타,기타,승용차,자전거,1011689,1901920,127.6315723,37.11587531
2023,2023-11-08 08:00,주,수,1,1,1,0,0,경기,연천군,차대차,정면충돌,정면충돌,중앙선 침범,단일로,기타단일로,승용차,승합차,966780,2022235,127.1205976,38.19978539
2023,2023-11-08 11:00,주,수,1,0,0,0,0,경북,성주군,차대사람,기타,기타,안전운전 의무 불이행,기타,기타,화물차,보행자,1072608,1768678,128.3047123,35.9120532
2023,2023-11-08 11:00,주,수,1,1,0,1,0,경남,창원시(통합),차대사람,기타,기타,안전운전 의무 불이행,교차로,교차로부근,이륜차,보행자,1108269,1692511,128.6896834,35.22213709
2023,2023-11-08 13:00,주,수,1,0,0,0,0,충북,영동군,차량단독,공작물충돌,공작물충돌,안전운전 의무 불이행,단일로,기타단일로,승용차,없음,1023554,1799367,127.7619739,36.19115092
2023,2023-11-08 18:00,야,수,1,1,1,0,0,전남,나주시,차대차,추돌,추돌,기타,단일로,기타단일로,승용차,농기계,942214,1673283,126.8663363,35.05294502
2023,2023-11-09 08:00,주,목,1,2,1,0,1,경기,이천시,차대차,측면충돌,측면충돌,안전운전 의무 불이행,단일로,기타단일로,승용차,화물차,988910,1916709,127.3749505,37.24919257
2023,2023-11-09 09:00,주,목,1,1,0,0,1,경남,창녕군,차대사람,보도통행중,보도통행중,기타,단일로,기타단일로,화물차,보행자,1098714,1716582,128.587612,35.44013113
2023,2023-11-09 11:00,주,목,1,3,2,0,1,경기,용인시,차대차,기타,기타,안전운전 의무 불이행,단일로,기타단일로,화물차,화물차,971467,1917975,127.1782188,37.26023311
2023,2023-11-09 15:00,주,목,1,0,0,0,0,서울,성북구,차대사람,차도통행중,차도통행중,보행자 보호의무 위반,교차로,교차로횡단보도내,화물차,보행자,957107,1956969,127.0140108,37.61115239
2023,2023-11-09 16:00,주,목,1,0,0,0,0,경북,영양군,차량단독,공작물충돌,공작물충돌,안전운전 의무 불이행,교차로,교차로내,농기계,없음,1146877,1840593,129.1410993,36.55181024
2023,2023-11-09 23:00,야,목,1,0,0,0,0,강원,강릉시,차대사람,차도통행중,차도통행중,안전운전 의무 불이행,단일로,기타단일로,이륜차,보행자,1122363,1973982,128.8890987,37.75731043
2023,2023-11-10 06:00,주,금,1,0,0,0,0,전북,익산시,차대차,추돌,추돌,신호위반,단일로,기타단일로,자전거,화물차,949089,1772015,126.9355284,35.94350904
2023,2023-11-10 06:00,주,금,1,0,0,0,0,경남,김해시,차대사람,횡단중,횡단중,기타,교차로,교차로횡단보도내,화물차,보행자,1127733,1695190,128.9039213,35.24399618
2023,2023-11-10 06:00,주,금,1,4,2,2,0,경남,창원시(통합),차대차,측면충돌,측면충돌,안전운전 의무 불이행,단일로,기타단일로,승용차,화물차,1109642,1698832,128.7056107,35.27897214
2023,2023-11-10 07:00,주,금,1,1,0,1,0,경남,진주시,차대차,추돌,추돌,안전운전 의무 불이행,교차로,교차로내,화물차,화물차,1060490,1685195,128.1641841,35.16019317
2023,2023-11-10 08:00,주,금,1,0,0,0,0,대전,중구,차대사람,기타,기타,안전운전 의무 불이행,단일로,기타단일로,승용차,보행자,992187,1811801,127.4129772,36.30350553
2023,2023-11-10 09:00,주,금,1,0,0,0,0,인천,중구,차량단독,기타,기타,안전운전 의무 불이행,단일로,기타단일로,승용차,없음,912350,1946371,126.5082209,37.5124633
2023,2023-11-10 12:00,주,금,1,0,0,0,0,충남,서산시,차량단독,전도,전도,안전운전 의무 불이행,단일로,기타단일로,원동기장치자전거,없음,899424,1861965,126.373321,36.75043865
2023,2023-11-10 13:00,주,금,1,0,0,0,0,서울,중랑구,차대차,측면충돌,측면충돌,신호위반,교차로,교차로내,화물차,자전거,962390,1956226,127.0739052,37.60468686
2023,2023-11-10 14:00,주,금,1,1,1,0,0,경기,안산시,차대차,기타,기타,중앙선 침범,단일로,기타단일로,화물차,화물차,924602,1914036,126.6501336,37.22211479
2023,2023-11-10 14:00,주,금,1,0,0,0,0,경북,고령군,차량단독,도로이탈,도로이탈 추락,안전운전 의무 불이행,단일로,기타단일로,화물차,없음,1080147,1751045,128.3864882,35.75250072
2023,2023-11-11 01:00,야,토,1,0,0,0,0,충북,옥천군,차량단독,도로이탈,도로이탈 추락,안전운전 의무 불이행,단일로,기타단일로,승용차,없음,1015683,1808950,127.674623,36.2777065
2023,2023-11-11 02:00,야,토,1,0,0,0,0,충북,청주시,차량단독,공작물충돌,공작물충돌,안전운전 의무 불이행,단일로,기타단일로,승용차,없음,1001944,1855235,127.521762,36.69510097
2023,2023-11-11 05:00,야,토,1,0,0,0,0,대전,유성구,차대차,추돌,추돌,안전운전 의무 불이행,교차로,교차로횡단보도내,승용차,원동기장치자전거,986435,1815813,127.3488405,36.33961162
2023,2023-11-11 10:00,주,토,1,0,0,0,0,대구,서구,차대사람,차도통행중,차도통행중,안전운전 의무 불이행,단일로,기타단일로,승용차,보행자,1095266,1763645,128.5551944,35.8647375
2023,2023-11-11 13:00,주,토,1,0,0,0,0,대구,달성군,차대차,기타,기타,안전운전 의무 불이행,교차로,교차로부근,승용차,이륜차,1086265,1745059,128.4535066,35.69801863
2023,2023-11-11 16:00,주,토,1,0,0,0,0,경남,하동군,차량단독,기타,기타,안전운전 의무 불이행,단일로,기타단일로,승용차,없음,1035082,1670523,127.8845885,35.02910257
2023,2023-11-11 17:00,주,토,1,0,0,0,0,경북,영주시,차대사람,차도통행중,차도통행중,안전운전 의무 불이행,단일로,기타단일로,이륜차,보행자,1100586,1869417,128.6277749,36.81760252
2023,2023-11-11 22:00,야,토,1,0,0,0,0,경북,경주시,차대사람,기타,기타,안전운전 의무 불이행,단일로,지하차도(도로)내,승합차,보행자,1148288,1759313,129.1414992,35.81910344
2023,2023-11-12 01:00,야,일,1,0,0,0,0,부산,수영구,차대사람,기타,기타,안전운전 의무 불이행,교차로,교차로부근,승용차,보행자,1147250,1684031,129.1163689,35.14073589
2023,2023-11-12 11:00,주,일,1,0,0,0,0,경기,용인시,차량단독,전도,전도,안전운전 의무 불이행,단일로,기타단일로,이륜차,없음,969055,1919156,127.1509687,37.27080143
2023,2023-11-12 17:00,주,일,1,0,0,0,0,경북,영주시,차대사람,횡단중,횡단중,안전운전 의무 불이행,단일로,기타단일로,승용차,보행자,1099291,1869105,128.6132171,36.81492728
2023,2023-11-12 18:00,야,일,2,1,1,0,0,경북,경주시,차대차,측면충돌,측면충돌,신호위반,교차로,교차로내,승용차,이륜차,1154036,1750892,129.2034826,35.74232545
2023,2023-11-12 19:00,야,일,1,0,0,0,0,경북,칠곡군,차대차,추돌,추돌,안전운전 의무 불이행,단일로,기타단일로,승용차,자전거,1092637,1771025,128.5269381,35.93151781
2023,2023-11-13 01:00,야,월,1,1,1,0,0,경기,평택시,차대차,기타,기타,안전운전 의무 불이행,단일로,기타단일로,승용차,자전거,964691,1888216,127.1032067,36.99175254
2023,2023-11-13 05:00,야,월,1,0,0,0,0,울산,남구,차대사람,횡단중,횡단중,신호위반,교차로,교차로부근,승용차,보행자,1166141,1726850,129.3323393,35.52369268
2023,2023-11-13 06:00,주,월,1,0,0,0,0,대구,동구,차대사람,횡단중,횡단중,안전운전 의무 불이행,단일로,기타단일로,승용차,보행자,1102962,1769140,128.6411335,35.91349232
2023,2023-11-13 10:00,주,월,1,3,0,3,0,경기,안양시,차대차,추돌,추돌,안전운전 의무 불이행,단일로,기타단일로,승용차,화물차,946206,1935385,126.8920853,37.4160396
2023,2023-11-13 11:00,주,월,1,0,0,0,0,제주,제주시,차대사람,횡단중,횡단중,안전운전 의무 불이행,단일로,기타단일로,특수차,보행자,908295,1501211,126.5127404,33.49883386
2023,2023-11-13 15:00,주,월,1,6,1,5,0,충북,단양군,차대차,추돌,추돌,안전운전 의무 불이행,기타,기타,승용차,승용차,1067788,1892905,128.2621835,37.03223634
2023,2023-11-13 16:00,주,월,1,0,0,0,0,전남,목포시,차대차,정면충돌,정면충돌,중앙선 침범,교차로,교차로내,승용차,이륜차,901270,1647408,126.4204742,34.81648217
2023,2023-11-13 18:00,야,월,1,0,0,0,0,경기,시흥시,차대사람,횡단중,횡단중,안전운전 의무 불이행,단일로,기타단일로,승용차,보행자,941078,1937576,126.8339633,37.43547528
2023,2023-11-13 19:00,야,월,1,0,0,0,0,경북,성주군,차대차,추돌,추돌,기타,단일로,기타단일로,승용차,이륜차,1072662,1770322,128.305461,35.92687013
2023,2023-11-14 05:00,야,화,1,0,0,0,0,충남,천안시,차대사람,횡단중,횡단중,기타,단일로,기타단일로,승용차,보행자,966909,1866538,127.1290783,36.79641905
2023,2023-11-14 05:00,야,화,1,1,0,1,0,인천,부평구,차대차,기타,기타,안전운전 의무 불이행,단일로,기타단일로,이륜차,승용차,931458,1946672,126.7243834,37.51679369
2023,2023-11-14 08:00,주,화,1,0,0,0,0,경남,통영시,차량단독,공작물충돌,공작물충돌,안전운전 의무 불이행,단일로,터널안,승용차,없음,1082747,1660469,128.4060783,34.93567155
2023,2023-11-14 10:00,주,화,1,0,0,0,0,경북,예천군,차량단독,도로이탈,도로이탈 추락,안전운전 의무 불이행,교차로,교차로부근,농기계,없음,1094280,1855469,128.5553594,36.69253499
2023,2023-11-14 14:00,주,화,1,1,0,1,0,대구,달성군,차량단독,전도,전도,안전운전 의무 불이행,기타,기타,승용차,없음,1088218,1747913,128.4754042,35.72357472
2023,2023-11-14 20:00,야,화,1,0,0,0,0,강원,강릉시,차대사람,차도통행중,차도통행중,안전운전 의무 불이행,단일로,기타단일로,승용차,보행자,1117809,1985324,128.8392585,37.86010806
2023,2023-11-15 00:00,야,수,1,1,1,0,0,전북,임실군,차대차,측면충돌,측면충돌,안전운전 의무 불이행,단일로,지하차도(도로)내,화물차,승용차,985513,1726759,127.3401909,35.5366872
2023,2023-11-15 06:00,주,수,1,0,0,0,0,경기,광명시,차대사람,횡단중,횡단중,신호위반,교차로,교차로횡단보도내,승합차,보행자,945235,1936526,126.8810282,37.4262668
2023,2023-11-15 06:00,주,수,1,0,0,0,0,전북,정읍시,차대사람,횡단중,횡단중,안전운전 의무 불이행,교차로,교차로횡단보도내,승합차,보행자,940964,1731130,126.8484603,35.57444392
2023,2023-11-15 06:00,주,수,1,0,0,0,0,경남,창원시(통합),차대사람,횡단중,횡단중,안전운전 의무 불이행,교차로,교차로횡단보도내,승합차,보행자,1097152,1689849,128.5672332,35.19927647
2023,2023-11-15 08:00,주,수,1,0,0,0,0,부산,남구,차대사람,보도통행중,보도통행중,보행자 보호의무 위반,교차로,교차로횡단보도내,승합차,보행자,1145030,1683458,129.0919078,35.13589357
2023,2023-11-15 08:00,주,수,1,0,0,0,0,대구,달서구,차대차,기타,기타,안전운전 의무 불이행,기타,기타,승용차,이륜차,1090988,1760599,128.5074693,35.83768533
2023,2023-11-15 09:00,주,수,1,0,0,0,0,전북,완주군,차대차,측면충돌,측면충돌,안전운전 의무 불이행,단일로,기타단일로,승용차,화물차,960383,1768509,127.0609207,35.91242323
2023,2023-11-15 10:00,주,수,1,0,0,0,0,서울,송파구,차대차,측면충돌,측면충돌,안전운전 의무 불이행,교차로,교차로내,승용차,이륜차,968563,1944098,127.1443593,37.49560393
2023,2023-11-15 10:00,주,수,1,1,0,1,0,경기,평택시,차대차,기타,기타,안전운전 의무 불이행,단일로,기타단일로,화물차,화물차,952398,1887522,126.9651097,36.98495465
2023,2023-11-15 12:00,주,수,1,0,0,0,0,충남,청양군,차대차,추돌,추돌,안전운전 의무 불이행,단일로,터널안,화물차,농기계,933394,1828820,126.7566975,36.45465537
2023,2023-11-15 18:00,야,수,2,0,0,0,0,강원,횡성군,차대사람,횡단중,횡단중,보행자 보호의무 위반,교차로,교차로횡단보도내,승용차,보행자,1055969,1935085,128.1324699,37.41320669
2023,2023-11-15 18:00,야,수,1,0,0,0,0,전남,영암군,차대사람,차도통행중,차도통행중,안전운전 의무 불이행,단일로,기타단일로,승용차,보행자,925512,1654077,126.6849188,34.87867782
2023,2023-11-15 20:00,야,수,1,0,0,0,0,부산,사상구,차대사람,차도통행중,차도통행중,안전운전 의무 불이행,단일로,기타단일로,승합차,보행자,1137732,1685047,129.0120924,35.15124265
2023,2023-11-15 21:00,야,수,1,0,0,0,0,경기,안성시,차대차,측면충돌,측면충돌,신호위반,교차로,교차로내,승용차,이륜차,979020,1890098,127.2641782,37.00914658
2023,2023-11-15 21:00,야,수,1,0,0,0,0,충북,청주시,차대사람,차도통행중,차도통행중,안전운전 의무 불이행,단일로,기타단일로,화물차,보행자,1003739,1858674,127.5418728,36.72609773
2023,2023-11-16 05:00,야,목,1,1,0,1,0,부산,부산진구,차대차,측면충돌,측면충돌,신호위반,교차로,교차로내,이륜차,이륜차,1139540,1685380,129.0319915,35.15399499
2023,2023-11-16 12:00,주,목,1,0,0,0,0,부산,사상구,차대사람,기타,기타,안전운전 의무 불이행,교차로,교차로내,화물차,보행자,1134532,1685493,128.9770443,35.15569628
2023,2023-11-16 18:00,야,목,1,0,0,0,0,전남,장성군,차대사람,기타,기타,안전운전 의무 불이행,단일로,기타단일로,승용차,보행자,935932,1702364,126.7951939,35.31477408
2023,2023-11-16 18:00,야,목,1,0,0,0,0,인천,미추홀구,차대사람,횡단중,횡단중,안전운전 의무 불이행,교차로,교차로내,화물차,보행자,928077,1940972,126.6866849,37.46516348
2023,2023-11-16 22:00,야,목,1,0,0,0,0,경기,광주시,차대차,기타,기타,신호위반,교차로,교차로부근,이륜차,화물차,978822,1934635,127.2606882,37.41060005
2023,2023-11-16 23:00,야,목,1,0,0,0,0,대전,유성구,차대차,기타,기타,안전운전 의무 불이행,단일로,기타단일로,이륜차,화물차,984291,1816645,127.3249325,36.34707982
2023,2023-11-17 00:00,야,금,1,0,0,0,0,충북,청주시,차대차,추돌,추돌,안전운전 의무 불이행,단일로,지하차도(도로)내,승용차,개인형이동장치(PM),983807,1846503,127.3189133,36.61624679
2023,2023-11-17 08:00,주,금,1,0,0,0,0,경기,연천군,차량단독,공작물충돌,공작물충돌,안전운전 의무 불이행,단일로,교량위,화물차,없음,962807,2003551,127.0761977,38.03124091
2023,2023-11-17 11:00,주,금,1,0,0,0,0,경기,수원시,차대사람,횡단중,횡단중,안전운전 의무 불이행,교차로,교차로부근,건설기계,보행자,958056,1920639,127.0268298,37.283738
2023,2023-11-17 11:00,주,금,1,0,0,0,0,경북,구미시,차대사람,기타,기타,보행자 보호의무 위반,교차로,교차로횡단보도내,화물차,보행자,1071405,1805058,128.2946736,36.24010617
2023,2023-11-17 11:00,주,금,1,0,0,0,0,경북,구미시,차대사람,횡단중,횡단중,보행자 보호의무 위반,교차로,교차로횡단보도내,화물차,보행자,1089163,1793776,128.490998,36.13693093
2023,2023-11-17 15:00,주,금,1,0,0,0,0,전북,익산시,차대차,기타,기타,안전운전 의무 불이행,단일로,기타단일로,이륜차,건설기계,952034,1787203,126.967259,36.0805861
2023,2023-11-17 18:00,야,금,2,0,0,0,0,전북,군산시,차대사람,횡단중,횡단중,안전운전 의무 불이행,교차로,교차로부근,승용차,보행자,915996,1772739,126.5685708,35.94774973
2023,2023-11-18 00:00,야,토,1,0,0,0,0,경북,안동시,차대사람,기타,기타,안전운전 의무 불이행,단일로,기타단일로,승용차,보행자,1107198,1841814,128.6980282,36.56809291
2023,2023-11-18 03:00,야,토,1,0,0,0,0,인천,미추홀구,차대사람,기타,기타,기타,단일로,기타단일로,승용차,보행자,927889,1939070,126.6847453,37.44800644
2023,2023-11-18 05:00,야,토,1,1,0,1,0,경기,양주시,차대차,측면충돌,측면충돌,안전운전 의무 불이행,단일로,기타단일로,화물차,승합차,955534,1978945,126.9948461,37.80914722
2023,2023-11-18 14:00,주,토,1,0,0,0,0,경남,산청군,차량단독,공작물충돌,공작물충돌,안전운전 의무 불이행,단일로,교량위,화물차,없음,1044594,1699431,127.9904234,35.28938711
2023,2023-11-18 15:00,주,토,1,0,0,0,0,경북,안동시,차량단독,기타,기타,안전운전 의무 불이행,기타,기타,자전거,없음,1107746,1840874,128.7040198,36.5595589
2023,2023-11-18 22:00,야,토,1,0,0,0,0,강원,횡성군,차량단독,도로이탈,도로이탈 추락,안전운전 의무 불이행,단일로,기타단일로,승용차,없음,1059104,1943460,128.1685659,37.48849681
2023,2023-11-19 05:00,야,일,1,1,0,1,0,인천,서구,차대차,추돌,추돌,안전운전 의무 불이행,단일로,고가도로위,승용차,건설기계,924740,1945397,126.6485009,37.50477891
2023,2023-11-19 06:00,주,일,1,0,0,0,0,대구,수성구,차대사람,횡단중,횡단중,보행자 보호의무 위반,단일로,기타단일로,승용차,보행자,1103257,1759257,128.643122,35.82437249
2023,2023-11-19 07:00,주,일,1,0,0,0,0,부산,강서구,차대차,측면충돌,측면충돌,안전운전 의무 불이행,기타,기타,이륜차,승용차,1132576,1692030,128.9566267,35.21488227
2023,2023-11-19 10:00,주,일,1,1,0,1,0,경기,포천시,차대차,기타,기타,안전운전 의무 불이행,단일로,기타단일로,원동기장치자전거,원동기장치자전거,985994,1998738,127.3404984,37.98851756
2023,2023-11-19 16:00,주,일,1,0,0,0,0,경남,진주시,차대사람,기타,기타,안전운전 의무 불이행,교차로,교차로내,승용차,보행자,1055571,1687975,128.1103633,35.18554357
2023,2023-11-19 18:00,야,일,3,2,2,0,0,대구,동구,차량단독,공작물충돌,공작물충돌,기타,단일로,기타단일로,승용차,없음,1104289,1777100,128.6568838,35.98510453
2023,2023-11-19 19:00,야,일,1,0,0,0,0,서울,송파구,차대사람,기타,기타,안전운전 의무 불이행,단일로,기타단일로,화물차,보행자,965971,1943634,127.1150586,37.49132977
2023,2023-11-19 21:00,야,일,1,0,0,0,0,경북,상주시,차대차,기타,기타,안전운전 의무 불이행,단일로,기타단일로,화물차,농기계,1055932,1840997,128.125073,36.56510892
2023,2023-11-20 08:00,주,월,1,0,0,0,0,충남,부여군,차대사람,횡단중,횡단중,보행자 보호의무 위반,교차로,교차로횡단보도내,승용차,보행자,948181,1809737,126.922979,36.28353705
2023,2023-11-20 08:00,주,월,1,0,0,0,0,전북,고창군,차대차,추돌,추돌,안전운전 의무 불이행,기타,기타,승용차,이륜차,927195,1719814,126.6975297,35.47150438
2023,2023-11-20 08:00,주,월,1,1,0,1,0,대구,달서구,차량단독,공작물충돌,공작물충돌,안전운전 의무 불이행,교차로,교차로내,승용차,없음,1095416,1759532,128.5563637,35.82764569
2023,2023-11-20 10:00,주,월,1,0,0,0,0,경기,하남시,차대차,기타,기타,안전운전 의무 불이행,교차로,교차로부근,이륜차,화물차,971382,1946938,127.1761391,37.521294
2023,2023-11-20 10:00,주,월,1,2,0,2,0,전북,임실군,차대차,추돌,추돌,안전운전 의무 불이행,기타,기타,승용차,화물차,978435,1744372,127.2616417,35.69536508
2023,2023-11-20 11:00,주,월,1,0,0,0,0,강원,횡성군,차대차,측면충돌,측면충돌,안전운전 의무 불이행,단일로,기타단일로,화물차,자전거,1049264,1944165,128.0573114,37.49542859
2023,2023-11-20 11:00,주,월,1,0,0,0,0,대구,달성군,차대사람,기타,기타,안전운전 의무 불이행,교차로,교차로부근,승용차,보행자,1085297,1744710,128.4427713,35.69495661
2023,2023-11-20 13:00,주,월,1,0,0,0,0,경기,수원시,차대사람,기타,기타,안전운전 의무 불이행,교차로,교차로내,화물차,보행자,955928,1920099,127.0028566,37.27877223
2023,2023-11-20 17:00,주,월,1,0,0,0,0,충남,서산시,차대차,측면충돌,측면충돌,기타,단일로,기타단일로,화물차,자전거,907048,1864499,126.4584049,36.7740563
2023,2023-11-20 18:00,야,월,1,0,0,0,0,경북,상주시,차대사람,횡단중,횡단중,보행자 보호의무 위반,교차로,교차로횡단보도내,화물차,보행자,1040059,1827385,127.9469828,36.44319607
2023,2023-11-20 18:00,야,월,1,0,0,0,0,경기,양주시,차대차,측면충돌,측면충돌,안전운전 의무 불이행,단일로,기타단일로,자전거,화물차,960329,1975844,127.0494876,37.7814191
2023,2023-11-20 23:00,야,월,1,1,1,0,0,경기,화성시,차대차,정면충돌,정면충돌,중앙선 침범,교차로,교차로부근,승용차,승용차,953535,1913603,126.9762694,37.22010298
2023,2023-11-21 00:00,야,화,1,1,0,1,0,전북,김제시,차대차,추돌,추돌,안전운전 의무 불이행,단일로,기타단일로,승용차,승용차,939149,1755348,126.8265983,35.79267857
2023,2023-11-21 01:00,야,화,1,0,0,0,0,경북,구미시,차대사람,횡단중,횡단중,기타,교차로,교차로부근,승용차,보행자,1078859,1790775,128.3761868,36.11077059