발생년,발생년월일시,주야,요일,사망자수,부상자수,중상자수,경상자수,부상신고자수,발생지시도,발생지시군구,사고유형_대분류,사고유형_중분류,사고유형,가해자법규위반,도로형태_대분류,도로형태,가해자_당사자종별,피해자_당사자종별,발생위치X,발생위치Y,경도,위도
2023,2023-12-08 07:00,주,금,1,2,1,1,0,전북,전주시,차대차,측면충돌,측면충돌,안전운전 의무 불이행,교차로,교차로내,승용차,원동기장치자전거,963570,1756584,127.0967866,35.8050322
2023,2023-12-08 11:00,주,금,1,0,0,0,0,경기,의정부시,차대사람,횡단중,횡단중,보행자 보호의무 위반,교차로,교차로횡단보도내,승합차,보행자,960830,1971878,127.0553909,37.7456952
2023,2023-12-08 11:00,주,금,1,1,1,0,0,경기,포천시,차대차,추돌,추돌,안전운전 의무 불이행,단일로,기타단일로,승용차,화물차,982087,1985706,127.2963297,37.87099203
2023,2023-12-08 15:00,주,금,1,0,0,0,0,경기,부천시,차대사람,기타,기타,안전운전 의무 불이행,교차로,교차로내,건설기계,보행자,936072,1947348,126.7765323,37.52321773
2023,2023-12-08 17:00,주,금,1,0,0,0,0,서울,은평구,차대사람,횡단중,횡단중,신호위반,단일로,기타단일로,승합차,보행자,947975,1957380,126.9105181,37.6143853
2023,2023-12-08 18:00,야,금,1,0,0,0,0,충북,옥천군,차량단독,도로이탈,도로이탈 추락,안전운전 의무 불이행,단일로,기타단일로,농기계,없음,1003610,1812614,127.5402127,36.31086002
2023,2023-12-08 19:00,야,금,1,0,0,0,0,충남,논산시,차대사람,차도통행중,차도통행중,안전운전 의무 불이행,단일로,기타단일로,승용차,보행자,965904,1797356,127.1208645,36.17270678
2023,2023-12-09 04:00,야,토,1,0,0,0,0,충남,공주시,차량단독,기타,기타,안전운전 의무 불이행,기타,기타,승용차,없음,963257,1831639,127.0898147,36.48167874
2023,2023-12-09 06:00,주,토,1,0,0,0,0,경남,창원시(통합),차대차,추돌,추돌,안전운전 의무 불이행,단일로,기타단일로,승용차,건설기계,1115187,1680672,128.7640309,35.11463782
2023,2023-12-09 06:00,주,토,1,0,0,0,0,경남,통영시,차대사람,횡단중,횡단중,안전운전 의무 불이행,교차로,교차로횡단보도내,승용차,보행자,1083404,1654209,128.4126469,34.87917483
2023,2023-12-09 08:00,주,토,1,0,0,0,0,충남,부여군,차대차,추돌,추돌,안전운전 의무 불이행,단일로,기타단일로,승용차,농기계,944968,1799778,126.8879033,36.193578
2023,2023-12-09 11:00,주,토,1,0,0,0,0,서울,서대문구,차대사람,기타,기타,안전운전 의무 불이행,단일로,기타단일로,화물차,보행자,951284,1954254,126.948218,37.5863917
2023,2023-12-09 15:00,주,토,1,0,0,0,0,경기,여주시,차량단독,도로이탈,도로이탈 추락,안전운전 의무 불이행,단일로,기타단일로,농기계,없음,1011995,1930789,127.6354817,37.37609746
2023,2023-12-09 19:00,야,토,1,0,0,0,0,경북,경주시,차대차,정면충돌,정면충돌,안전운전 의무 불이행,단일로,기타단일로,승용차,이륜차,1148563,1777464,129.1479306,35.98264521
2023,2023-12-09 23:00,야,토,1,0,0,0,0,인천,옹진군,차량단독,도로이탈,도로이탈 추락,안전운전 의무 불이행,단일로,기타단일로,승용차,없음,750790,1998542,124.6636386,37.95265146
2023,2023-12-10 00:00,야,일,1,0,0,0,0,전북,완주군,차대사람,기타,기타,안전운전 의무 불이행,단일로,기타단일로,승용차,보행자,973726,1774899,127.208589,35.97048462
2023,2023-12-10 07:00,주,일,1,0,0,0,0,경남,거제시,차대사람,기타,기타,신호위반,교차로,교차로내,승용차,보행자,1103224,1656549,128.6297819,34.89845064
2023,2023-12-10 10:00,주,일,1,0,0,0,0,경북,포항시,차대사람,기타,기타,중앙선 침범,교차로,교차로부근,승용차,보행자,1168557,1781076,129.3703822,36.01194291
2023,2023-12-10 17:00,주,일,1,0,0,0,0,울산,울주군,차대사람,횡단중,횡단중,안전운전 의무 불이행,단일로,기타단일로,승용차,보행자,1145151,1727017,129.1009609,35.52849225
2023,2023-12-10 18:00,야,일,1,1,0,1,0,강원,원주시,차대차,기타,기타,안전운전 의무 불이행,교차로,교차로내,승용차,이륜차,1040764,1924321,127.9600612,37.31697883
2023,2023-12-10 23:00,야,일,1,0,0,0,0,전북,전주시,차대차,기타,기타,안전운전 의무 불이행,교차로,교차로내,자전거,승용차,968124,1758595,127.1471099,35.82332196
2023,2023-12-11 03:00,야,월,1,0,0,0,0,경기,수원시,차대사람,차도통행중,차도통행중,안전운전 의무 불이행,기타,기타,화물차,보행자,957556,1914975,127.0215125,37.2326616
2023,2023-12-11 04:00,야,월,1,0,0,0,0,경기,성남시,차대사람,횡단중,횡단중,안전운전 의무 불이행,교차로,교차로내,승용차,보행자,967217,1936830,127.129456,37.43004674
2023,2023-12-11 05:00,야,월,1,0,0,0,0,부산,남구,차대사람,횡단중,횡단중,기타,단일로,기타단일로,승용차,보행자,1144494,1683325,129.0860032,35.13477187
2023,2023-12-11 05:00,야,월,1,0,0,0,0,부산,동래구,차대사람,횡단중,횡단중,안전운전 의무 불이행,단일로,기타단일로,승용차,보행자,1144876,1689881,129.0913456,35.19381083
2023,2023-12-11 06:00,주,월,1,0,0,0,0,경기,평택시,차대사람,횡단중,횡단중,안전운전 의무 불이행,단일로,기타단일로,화물차,보행자,961480,1896373,127.0667058,37.06515468
2023,2023-12-11 17:00,주,월,1,0,0,0,0,충남,천안시,차대사람,횡단중,횡단중,안전운전 의무 불이행,단일로,교량위,화물차,보행자,976020,1879623,127.2307902,36.91464907
2023,2023-12-11 17:00,주,월,1,1,1,0,0,경북,안동시,차량단독,공작물충돌,공작물충돌,안전운전 의무 불이행,교차로,교차로내,승용차,없음,1108737,1843866,128.7155142,36.5864136
2023,2023-12-12 00:00,야,화,1,5,1,4,0,경기,시흥시,차대차,추돌,추돌,안전운전 의무 불이행,교차로,교차로부근,화물차,승합차,931790,1928841,126.7297887,37.35610846
2023,2023-12-12 07:00,주,화,1,0,0,0,0,경남,창원시(통합),차대차,측면충돌,측면충돌,안전운전 의무 불이행,교차로,교차로내,승용차,승용차,1106826,1692075,128.6737737,35.21836123
2023,2023-12-12 13:00,주,화,1,0,0,0,0,충북,괴산군,차량단독,전도,전도,안전운전 의무 불이행,단일로,기타단일로,사륜오토바이(ATV),없음,1027817,1860938,127.8116012,36.74610671
2023,2023-12-12 18:00,야,화,1,0,0,0,0,전남,영암군,차대차,측면충돌,측면충돌,중앙선 침범,단일로,기타단일로,자전거,승용차,904412,1641269,126.4555222,34.76143133
2023,2023-12-12 21:00,야,화,1,4,0,4,0,서울,금천구,차대차,측면충돌,측면충돌,신호위반,교차로,교차로내,이륜차,승합차,946746,1940983,126.8977832,37.46652704
2023,2023-12-12 23:00,야,화,1,1,0,1,0,전북,고창군,차대차,추돌,추돌,안전운전 의무 불이행,단일로,기타단일로,화물차,승용차,926014,1713767,126.6850634,35.41689821
2023,2023-12-13 00:00,야,수,1,0,0,0,0,충북,청주시,차대차,기타,기타,안전운전 의무 불이행,교차로,교차로내,승용차,이륜차,998987,1850649,127.4886661,36.65375997
2023,2023-12-13 01:00,야,수,1,0,0,0,0,충남,서산시,차대차,기타,기타,안전운전 의무 불이행,단일로,기타단일로,승용차,건설기계,903645,1887630,126.4173387,36.98219619
2023,2023-12-13 01:00,야,수,1,1,0,1,0,충남,천안시,차대차,추돌,추돌,안전운전 의무 불이행,단일로,기타단일로,승용차,화물차,972322,1877658,127.1893472,36.89683437
2023,2023-12-13 04:00,야,수,1,0,0,0,0,전북,남원시,차대사람,기타,기타,안전운전 의무 불이행,단일로,지하차도(도로)내,승용차,보행자,990007,1713579,127.3899271,35.41790243
2023,2023-12-13 18:00,야,수,1,3,2,1,0,전북,장수군,차대차,측면충돌,측면충돌,교차로 통행방법 위반,교차로,교차로내,승용차,승용차,1004780,1742580,127.552823,35.67943207
2023,2023-12-14 00:00,야,목,1,0,0,0,0,대전,서구,차대차,측면충돌,측면충돌,안전운전 의무 불이행,단일로,기타단일로,화물차,자전거,989071,1818630,127.3781747,36.36504153
2023,2023-12-14 06:00,주,목,1,0,0,0,0,서울,금천구,차대차,기타,기타,안전운전 의무 불이행,단일로,기타단일로,화물차,자전거,946177,1940992,126.8913484,37.46657519
2023,2023-12-14 17:00,주,목,1,0,0,0,0,강원,동해시,차대사람,횡단중,횡단중,보행자 보호의무 위반,단일로,기타단일로,화물차,보행자,1143818,1943868,129.1266543,37.4828665
2023,2023-12-14 17:00,주,목,1,0,0,0,0,대전,중구,차대사람,기타,기타,기타,교차로,교차로횡단보도내,승용차,보행자,990794,1813906,127.3974368,36.32247076
2023,2023-12-14 21:00,야,목,1,1,1,0,0,경기,수원시,차대사람,횡단중,횡단중,기타,단일로,기타단일로,승합차,보행자,955777,1923183,127.0009698,37.30656313
2023,2023-12-14 21:00,야,목,1,1,1,0,0,전남,광양시,차대차,정면충돌,정면충돌,중앙선 침범,단일로,기타단일로,승용차,승용차,1009650,1663779,127.6057114,34.96885235
2023,2023-12-15 03:00,야,금,1,0,0,0,0,광주,북구,차대사람,횡단중,횡단중,안전운전 의무 불이행,단일로,기타단일로,승합차,보행자,944165,1686576,126.886832,35.17291462
2023,2023-12-15 06:00,주,금,1,0,0,0,0,대구,수성구,차대사람,차도통행중,차도통행중,안전운전 의무 불이행,단일로,기타단일로,승용차,보행자,1104555,1762499,128.6579138,35.85345947
2023,2023-12-15 09:00,주,금,1,0,0,0,0,경기,성남시,차량단독,기타,기타,안전운전 의무 불이행,단일로,터널안,승용차,없음,964657,1927989,127.1009438,37.35026313
2023,2023-12-15 20:00,야,금,1,0,0,0,0,경기,양평군,차대사람,횡단중,횡단중,안전운전 의무 불이행,단일로,기타단일로,승용차,보행자,997084,1944946,127.4670082,37.50377823
2023,2023-12-15 21:00,야,금,1,0,0,0,0,대구,달서구,차대사람,횡단중,횡단중,안전운전 의무 불이행,교차로,교차로내,승합차,보행자,1089108,1762173,128.4868314,35.85204738
2023,2023-12-15 23:00,야,금,1,0,0,0,0,서울,송파구,차대사람,횡단중,횡단중,기타,단일로,기타단일로,화물차,보행자,966747,1942744,127.1238769,37.48333604
2023,2023-12-16 10:00,주,토,1,0,0,0,0,서울,마포구,차대사람,차도통행중,차도통행중,안전운전 의무 불이행,단일로,기타단일로,승용차,보행자,951298,1949211,126.9487116,37.54093912
2023,2023-12-16 18:00,야,토,1,0,0,0,0,경남,창녕군,차대사람,기타,기타,안전운전 의무 불이행,단일로,기타단일로,승용차,보행자,1091174,1729439,128.5059938,35.55676062
2023,2023-12-16 22:00,야,토,1,0,0,0,0,경기,시흥시,차대차,정면충돌,정면충돌,신호위반,교차로,교차로내,승용차,원동기장치자전거,938374,1930435,126.8039958,37.37093622
2023,2023-12-17 06:00,주,일,1,0,0,0,0,경북,구미시,차량단독,기타,기타,안전운전 의무 불이행,단일로,기타단일로,승용차,없음,1067421,1808450,128.2506313,36.2709706
2023,2023-12-17 10:00,주,일,1,0,0,0,0,경기,부천시,차대사람,횡단중,횡단중,보행자 보호의무 위반,교차로,교차로부근,승용차,보행자,936965,1944017,126.7869233,37.49325705
2023,2023-12-17 15:00,주,일,1,0,0,0,0,강원,횡성군,차량단독,도로이탈,도로이탈 추락,안전운전 의무 불이행,단일로,기타단일로,승용차,없음,1034148,1947156,127.8864511,37.52307075
2023,2023-12-17 17:00,주,일,1,1,0,1,0,충남,천안시,차대차,정면충돌,정면충돌,기타,교차로,교차로내,승용차,승용차,967006,1866711,127.1301581,36.79798195
2023,2023-12-18 02:00,야,월,1,0,0,0,0,대구,달서구,차량단독,전도,전도,안전운전 의무 불이행,단일로,기타단일로,이륜차,없음,1094843,1758053,128.5498453,35.81436855
2023,2023-12-18 04:00,야,월,1,0,0,0,0,충남,서산시,차대차,추돌,추돌,안전운전 의무 불이행,단일로,교량위,승용차,원동기장치자전거,913520,1866431,126.5306993,36.79208316
2023,2023-12-18 06:00,주,월,1,0,0,0,0,경남,창원시(통합),차대사람,횡단중,횡단중,안전운전 의무 불이행,단일로,기타단일로,승용차,보행자,1100476,1702764,128.6053218,35.31538277
2023,2023-12-18 12:00,주,월,1,0,0,0,0,경북,포항시,차대사람,차도통행중,차도통행중,안전운전 의무 불이행,교차로,교차로부근,승용차,보행자,1167152,1783030,129.3552119,36.02979282
2023,2023-12-18 14:00,주,월,1,0,0,0,0,대전,대덕구,차대사람,기타,기타,안전운전 의무 불이행,교차로,교차로부근,승용차,보행자,992821,1826495,127.4199031,36.43598241
2023,2023-12-18 20:00,야,월,1,0,0,0,0,경북,영천시,차대사람,횡단중,횡단중,안전운전 의무 불이행,단일로,기타단일로,승용차,보행자,1127539,1790877,128.9169568,36.10651446
2023,2023-12-18 21:00,야,월,1,4,2,2,0,경남,밀양시,차대차,추돌,추돌,안전운전 의무 불이행,단일로,기타단일로,특수차,특수차,1115582,1720085,128.7739201,35.46989208
2023,2023-12-19 07:00,주,화,1,0,0,0,0,대구,북구,차대사람,횡단중,횡단중,안전운전 의무 불이행,교차로,교차로부근,화물차,보행자,1094597,1771204,128.548684,35.93294359
2023,2023-12-19 14:00,주,화,1,0,0,0,0,경남,창원시(통합),차대사람,길가장자리구역통행중,길가장자리구역통행중,안전운전 의무 불이행,단일로,기타단일로,화물차,보행자,1108459,1698865,128.6926095,35.27939857
2023,2023-12-19 14:00,주,화,1,0,0,0,0,인천,연수구,차대차,측면충돌,측면충돌,안전운전 의무 불이행,교차로,교차로내,이륜차,승용차,925396,1935544,126.6569198,37.41602957
2023,2023-12-20 06:00,주,수,1,2,1,1,0,경남,사천시,차대차,측면충돌,측면충돌,신호위반,교차로,교차로내,화물차,화물차,1043461,1681911,127.9770386,35.13146241
2023,2023-12-20 06:00,주,수,1,0,0,0,0,세종,세종시,차대차,추돌,추돌,안전운전 의무 불이행,단일로,기타단일로,승용차,자전거,977380,1834932,127.2473804,36.51180328
2023,2023-12-20 13:00,주,수,1,0,0,0,0,강원,홍천군,차량단독,전도,전도,안전운전 의무 불이행,단일로,기타단일로,사륜오토바이(ATV),없음,1057818,1972298,128.1563007,37.74849208
2023,2023-12-20 14:00,주,수,1,3,0,3,0,전북,정읍시,차대차,기타,기타,안전운전 의무 불이행,기타,기타,승합차,화물차,935751,1720778,126.7917524,35.48078601
2023,2023-12-20 17:00,주,수,1,0,0,0,0,전북,장수군,차대차,추돌,추돌,안전운전 의무 불이행,단일로,기타단일로,승용차,화물차,1010666,1754380,127.6180249,35.78577862
2023,2023-12-20 21:00,야,수,1,0,0,0,0,경기,수원시,차대사람,횡단중,횡단중,안전운전 의무 불이행,교차로,교차로내,승용차,보행자,959906,1921672,127.0476433,37.29313074
2023,2023-12-20 22:00,야,수,1,0,0,0,0,경남,진주시,차대사람,횡단중,횡단중,안전운전 의무 불이행,단일로,기타단일로,승용차,보행자,1044953,1693701,127.9940577,35.23770528
2023,2023-12-21 03:00,야,목,1,1,1,0,0,충남,당진시,차대차,추돌,추돌,기타,기타,기타,승합차,화물차,932626,1879251,126.7436898,36.90919329
2023,2023-12-21 05:00,야,목,1,0,0,0,0,강원,원주시,차량단독,기타,기타,안전운전 의무 불이행,단일로,기타단일로,승용차,없음,1042049,1931643,127.9749788,37.38291903
2023,2023-12-21 18:00,야,목,1,1,0,1,0,경기,광명시,차대사람,기타,기타,안전운전 의무 불이행,단일로,기타단일로,화물차,보행자,943164,1942264,126.8571799,37.4778595
2023,2023-12-21 19:00,야,목,1,0,0,0,0,경기,화성시,차대차,측면충돌,측면충돌,교차로 통행방법 위반,교차로,교차로내,화물차,이륜차,947498,1903073,126.9089662,37.12486844
2023,2023-12-22 08:00,주,금,1,0,0,0,0,서울,동대문구,차대사람,횡단중,횡단중,안전운전 의무 불이행,교차로,교차로내,화물차,보행자,961593,1952483,127.0650723,37.57091724
2023,2023-12-22 11:00,주,금,1,0,0,0,0,인천,서구,차량단독,공작물충돌,공작물충돌,안전운전 의무 불이행,단일로,기타단일로,이륜차,없음,922393,1949974,126.6214658,37.54583504
2023,2023-12-22 13:00,주,금,1,18,4,13,1,경기,수원시,차대사람,횡단중,횡단중,기타,단일로,기타단일로,승합차,보행자,955584,1918637,126.9990637,37.26557788
2023,2023-12-22 14:00,주,금,1,0,0,0,0,세종,세종시,차대차,추돌,추돌,안전운전 의무 불이행,교차로,교차로부근,화물차,화물차,979967,1829443,127.276414,36.46237686
2023,2023-12-22 20:00,야,금,1,0,0,0,0,경북,포항시,차량단독,도로이탈,도로이탈 추락,안전운전 의무 불이행,단일로,기타단일로,이륜차,없음,1179565,1770919,129.4901687,35.91845623
2023,2023-12-22 20:00,야,금,1,1,1,0,0,대구,달성군,차대차,추돌,추돌,안전운전 의무 불이행,단일로,기타단일로,승용차,승용차,1091796,1759219,128.516256,35.82516961
2023,2023-12-22 21:00,야,금,1,0,0,0,0,전남,광양시,차대사람,차도통행중,차도통행중,기타,교차로,교차로내,승용차,보행자,1007554,1664910,127.582761,34.97906893
2023,2023-12-23 09:00,주,토,1,0,0,0,0,경기,광명시,차대사람,기타,기타,안전운전 의무 불이행,교차로,교차로내,건설기계,보행자,942501,1942602,126.8496554,37.4808649
2023,2023-12-23 11:00,주,토,1,0,0,0,0,세종,세종시,차대차,정면충돌,정면충돌,중앙선 침범,단일로,기타단일로,승용차,농기계,977518,1847784,127.2485463,36.62766727
2023,2023-12-23 19:00,야,토,1,0,0,0,0,전북,전주시,차대사람,차도통행중,차도통행중,안전운전 의무 불이행,단일로,기타단일로,승용차,보행자,976015,1746782,127.2348217,35.71703841
2023,2023-12-23 22:00,야,토,1,1,0,1,0,경기,성남시,차량단독,공작물충돌,공작물충돌,신호위반,교차로,교차로내,승용차,없음,966109,1933661,127.1170781,37.40144275
2023,2023-12-24 03:00,야,일,1,0,0,0,0,경기,이천시,차량단독,공작물충돌,공작물충돌,안전운전 의무 불이행,단일로,기타단일로,승용차,없음,998896,1926837,127.4875364,37.34055153
2023,2023-12-24 18:00,야,일,1,0,0,0,0,경기,성남시,차대사람,횡단중,횡단중,신호위반,교차로,교차로내,승용차,보행자,967980,1937824,127.1380369,37.43903297
2023,2023-12-24 18:00,야,일,1,0,0,0,0,전남,목포시,차대사람,차도통행중,차도통행중,안전운전 의무 불이행,교차로,교차로부근,승용차,보행자,898644,1644698,126.3920929,34.79179058
2023,2023-12-25 15:00,주,월,1,2,0,0,2,경기,평택시,차대차,측면충돌,측면충돌,신호위반,교차로,교차로내,승용차,이륜차,960419,1883685,127.0554379,36.95073902
2023,2023-12-25 16:00,주,월,1,0,0,0,0,강원,강릉시,차량단독,공작물충돌,공작물충돌,안전운전 의무 불이행,단일로,기타단일로,승용차,없음,1119434,1961750,128.85385,37.64747714
2023,2023-12-25 17:00,주,월,1,0,0,0,0,인천,중구,차대사람,차도통행중,차도통행중,기타,교차로,교차로내,승용차,보행자,923884,1941550,126.6392149,37.47003698
2023,2023-12-26 06:00,주,화,1,0,0,0,0,경남,고성군,차대사람,기타,기타,중앙선 침범,단일로,기타단일로,화물차,보행자,1073549,1680423,128.3071364,35.11629631
2023,2023-12-26 07:00,주,화,1,0,0,0,0,충남,금산군,차대사람,횡단중,횡단중,보행자 보호의무 위반,단일로,기타단일로,화물차,보행자,999792,1789512,127.4976892,36.10258762
2023,2023-12-26 14:00,주,화,1,0,0,0,0,경남,합천군,차대사람,보도통행중,보도통행중,보행자 보호의무 위반,교차로,교차로횡단보도내,승용차,보행자,1059924,1730455,128.1612894,35.56830476
2023,2023-12-26 15:00,주,화,1,1,0,1,0,대구,북구,차대차,측면충돌,측면충돌,안전운전 의무 불이행,단일로,기타단일로,승용차,화물차,1094005,1772096,128.5422277,35.94104171
2023,2023-12-26 15:00,주,화,1,0,0,0,0,인천,중구,차량단독,공작물충돌,공작물충돌,안전운전 의무 불이행,기타,기타,승용차,없음,905019,1942535,126.4257772,37.47716735
2023,2023-12-26 16:00,주,화,1,0,0,0,0,경북,칠곡군,차량단독,공작물충돌,공작물충돌,안전운전 의무 불이행,교차로,교차로내,승용차,없음,1095106,1776342,128.5549415,35.97921056
2023,2023-12-26 17:00,주,화,1,0,0,0,0,강원,횡성군,차대사람,횡단중,횡단중,안전운전 의무 불이행,단일로,기타단일로,승용차,보행자,1044330,1943148,128.0014351,37.48651215
2023,2023-12-26 17:00,주,화,2,0,0,0,0,경북,봉화군,차대차,정면충돌,정면충돌,중앙선 침범,단일로,기타단일로,승용차,화물차,1133740,1885965,129.0023176,36.96261909
2023,2023-12-26 17:00,주,화,1,0,0,0,0,경남,함양군,차대사람,차도통행중,차도통행중,안전운전 의무 불이행,단일로,기타단일로,승용차,보행자,1024257,1728628,127.7676392,35.55334813
2023,2023-12-26 18:00,야,화,1,0,0,0,0,경남,창원시(통합),차대사람,횡단중,횡단중,안전운전 의무 불이행,단일로,기타단일로,승용차,보행자,1097950,1691465,128.5761902,35.213768
2023,2023-12-26 19:00,야,화,1,0,0,0,0,인천,동구,차대차,추돌,추돌,안전운전 의무 불이행,교차로,교차로횡단보도내,승용차,승용차,924419,1942497,126.6451673,37.47861592
2023,2023-12-27 02:00,야,수,1,0,0,0,0,충북,청주시,차량단독,공작물충돌,공작물충돌,안전운전 의무 불이행,기타,기타,승용차,없음,986510,1857366,127.3489497,36.71421783
2023,2023-12-27 05:00,야,수,1,1,0,1,0,서울,마포구,차대차,추돌,추돌,안전운전 의무 불이행,단일로,기타단일로,승용차,건설기계,951374,1949334,126.9495637,37.54205175
2023,2023-12-27 07:00,주,수,1,0,0,0,0,전북,남원시,차대사람,횡단중,횡단중,기타,교차로,교차로부근,승용차,보행자,989009,1711512,127.378962,35.39925417
2023,2023-12-27 10:00,주,수,1,0,0,0,0,서울,중구,차대사람,횡단중,횡단중,신호위반,교차로,교차로부근,승합차,보행자,954336,1952254,126.9829098,37.56852187
2023,2023-12-27 10:00,주,수,1,1,0,1,0,부산,강서구,차대차,추돌,추돌,안전운전 의무 불이행,교차로,교차로부근,화물차,화물차,1130666,1680838,128.933875,35.11424419
2023,2023-12-27 10:00,주,수,2,1,0,1,0,강원,삼척시,차대차,추돌,추돌,안전운전 의무 불이행,기타,기타,승용차,화물차,1162711,1918443,129.3346612,37.25067229
2023,2023-12-27 14:00,주,수,1,1,0,1,0,경기,포천시,차대차,추돌,추돌,안전운전 의무 불이행,단일로,기타단일로,화물차,화물차,979059,2003696,127.2613777,38.03306943
2023,2023-12-27 16:00,주,수,1,0,0,0,0,제주,제주시,차량단독,공작물충돌,공작물충돌,안전운전 의무 불이행,기타,기타,승용차,없음,906254,1493116,126.4916164,33.42565368
2023,2023-12-27 17:00,주,수,1,1,1,0,0,경남,합천군,차량단독,전복,전복,안전운전 의무 불이행,단일로,기타단일로,승합차,없음,1057525,1736113,128.1352197,35.61945959
2023,2023-12-27 18:00,야,수,1,0,0,0,0,전남,고흥군,차량단독,공작물충돌,공작물충돌,안전운전 의무 불이행,교차로,교차로내,원동기장치자전거,없음,966941,1616113,127.139728,34.53852414
2023,2023-12-27 23:00,야,수,1,0,0,0,0,강원,원주시,차대사람,횡단중,횡단중,안전운전 의무 불이행,단일로,기타단일로,승용차,보행자,1041355,1924542,127.9667433,37.31894472
2023,2023-12-28 06:00,주,목,1,0,0,0,0,경기,이천시,차량단독,도로이탈,도로이탈 추락,안전운전 의무 불이행,교차로,교차로부근,화물차,없음,999473,1904139,127.4940665,37.13595076
2023,2023-12-28 09:00,주,목,1,0,0,0,0,충남,태안군,차량단독,도로이탈,도로이탈 기타,안전운전 의무 불이행,단일로,기타단일로,승용차,없음,887699,1869343,126.2409142,36.81561748
2023,2023-12-28 12:00,주,목,1,0,0,0,0,강원,영월군,차대사람,길가장자리구역통행중,길가장자리구역통행중,안전운전 의무 불이행,교차로,교차로부근,화물차,보행자,1080141,1910918,128.4029875,37.19361663
2023,2023-12-28 22:00,야,목,1,0,0,0,0,경기,부천시,차대차,기타,기타,안전운전 의무 불이행,단일로,기타단일로,승합차,승용차,936257,1947015,126.7786547,37.52022923
2023,2023-12-29 01:00,야,금,1,2,0,0,2,경북,상주시,차대사람,기타,기타,안전운전 의무 불이행,단일로,기타단일로,승용차,보행자,1070654,1818703,128.2875521,36.36316611
2023,2023-12-29 16:00,주,금,1,4,2,2,0,경북,안동시,차량단독,도로이탈,도로이탈 추락,안전운전 의무 불이행,단일로,기타단일로,승용차,없음,1129396,1856369,128.9484976,36.69651346
2023,2023-12-30 05:00,야,토,1,0,0,0,0,서울,노원구,차대사람,횡단중,횡단중,안전운전 의무 불이행,교차로,교차로횡단보도내,화물차,보행자,961193,1960709,127.0601063,37.64504334
2023,2023-12-30 07:00,주,토,1,0,0,0,0,경남,창원시(통합),차대사람,횡단중,횡단중,안전운전 의무 불이행,단일로,기타단일로,승용차,보행자,1089544,1683516,128.4829818,35.14288677
2023,2023-12-30 08:00,주,토,1,7,5,2,0,경남,창원시(통합),차대차,정면충돌,정면충돌,중앙선 침범,단일로,기타단일로,승용차,승합차,1096193,1686985,128.5563657,35.1735481
2023,2023-12-30 09:00,주,토,1,0,0,0,0,전남,진도군,차량단독,전도,전도,안전운전 의무 불이행,단일로,기타단일로,사륜오토바이(ATV),없음,883636,1604223,126.2336296,34.42527225
2023,2023-12-30 16:00,주,토,1,0,0,0,0,경북,포항시,차대차,측면충돌,측면충돌,안전운전 의무 불이행,단일로,기타단일로,승용차,농기계,1169846,1795113,129.3877,36.1382055
2023,2023-12-30 20:00,야,토,1,6,0,5,1,경기,화성시,차대차,정면충돌,정면충돌,중앙선 침범,단일로,기타단일로,화물차,승합차,960148,1911299,127.0509287,37.19964124
2023,2023-12-30 21:00,야,토,1,0,0,0,0,경기,수원시,차대사람,횡단중,횡단중,안전운전 의무 불이행,단일로,기타단일로,화물차,보행자,958124,1921507,127.027548,37.29156494
2023,2023-12-30 22:00,야,토,1,0,0,0,0,대구,북구,차대사람,횡단중,횡단중,안전운전 의무 불이행,단일로,기타단일로,승용차,보행자,1096591,1766942,128.570268,35.89432868
2023,2023-12-31 03:00,야,일,1,0,0,0,0,경기,파주시,차량단독,공작물충돌,공작물충돌,안전운전 의무 불이행,단일로,기타단일로,승용차,없음,931197,1967305,126.7194892,37.70273252
2023,2023-12-31 08:00,주,일,1,0,0,0,0,강원,속초시,차대차,기타,기타,안전운전 의무 불이행,교차로,교차로내,화물차,화물차,1095703,2021093,128.5927801,38.18502071
2023,2023-12-31 11:00,주,일,1,0,0,0,0,경북,성주군,차량단독,기타,기타,안전운전 의무 불이행,단일로,기타단일로,이륜차,없음,1061423,1768007,128.180706,35.90677059
2023,2023-12-31 21:00,야,일,1,0,0,0,0,충남,천안시,차대사람,횡단중,횡단중,안전운전 의무 불이행,단일로,기타단일로,승용차,보행자,970432,1870067,127.1684303,36.82834804
2023,2023-12-31 23:00,야,일,1,2,1,1,0,경북,영덕군,차대차,측면충돌,측면충돌,안전운전 의무 불이행,단일로,기타단일로,승용차,승용차,1171282,1846399,129.4149473,36.60005866